Universe,Window,Model,Seed,Offset,Sharpe,Return (%),Max DD (%),Rebalances,Mean Cash Frac,Mean Top Weight
US_ETFs,OOS,Axiom v0.9,42,-3.5,1.1566300674329675,29.644245765371057,-9.435948803680441,37,0.07072317717007297,0.39271681182033485
US_ETFs,OOS,Axiom v0.9,101,-3.5,1.1859501803606798,31.556018239224827,-7.247604269566095,36,0.08221107120266577,0.3203493394249799
US_ETFs,OOS,Axiom v0.9,202,-3.5,1.5435002761558132,34.41599222446921,-6.35942577327998,30,0.005003229657788885,0.23974348901876444
US_ETFs,OOS,Axiom v0.9,303,-3.5,1.414517974456944,35.65619835776086,-8.050174254510235,18,0.008008653762222541,0.24195991926284052
US_ETFs,OOS,Axiom v0.9,404,-3.5,1.3809325372027497,32.61397750131898,-8.225299645142297,32,0.024330266497062054,0.3624133385610711
US_ETFs,OOS,Axiom v0.9,505,-3.5,1.520252990078062,30.87707783513065,-5.545790072420899,16,0.044539207490345234,0.29535525196012724
US_ETFs,OOS,Axiom v0.9,606,-3.5,1.087466401023623,20.149006501166777,-7.917186936450891,26,0.01709377018409439,0.34375234528753096
US_ETFs,OOS,Axiom v0.9,707,-3.5,1.4023118462407207,29.40577669444595,-7.152159463112147,24,0.16028933323469485,0.27914334232113774
US_ETFs,OOS,Axiom v0.9,808,-3.5,1.549297916640319,36.58404674826758,-7.0862202783105275,29,0.15484144673940414,0.2220347897665924
US_ETFs,OOS,Axiom v0.9,909,-3.5,1.2688892120561308,32.18945717714858,-7.633985794539355,24,0.06127682812818209,0.23083967474155825
US_ETFs,OOS,RAI v6 Fast,-1,-3.5,0.8057331293637359,31.27131606196445,-16.62849514892926,174,0.018693089345767612,0.8762931965014514
US_ETFs,OOS,Axiom v0.9,42,-2.5,1.1466568414418594,25.812497380104602,-8.4046676197176,27,0.16992219221986388,0.3470596620049638
US_ETFs,OOS,Axiom v0.9,101,-2.5,1.1563772797899496,26.66675660005684,-6.348993142873777,33,0.19710014153981667,0.28367439781643766
US_ETFs,OOS,Axiom v0.9,202,-2.5,1.5432038167443325,34.07363987837644,-6.307846980691083,30,0.013476134430851733,0.23762728386240858
US_ETFs,OOS,Axiom v0.9,303,-2.5,1.4080212165640917,34.94943547693347,-7.938587730102001,18,0.02137032199868906,0.23884228468624938
US_ETFs,OOS,Axiom v0.9,404,-2.5,1.378184409283844,31.088968398985074,-7.941780465413563,30,0.06324835632281504,0.34771709542596085
US_ETFs,OOS,Axiom v0.9,505,-2.5,1.5160752391566885,28.337290846722052,-5.167031165433489,17,0.11265318588851306,0.2735450034258864
US_ETFs,OOS,Axiom v0.9,606,-2.5,1.0814888184346296,19.408467953204898,-7.694618465900309,24,0.04507612295907366,0.33414725983008325
US_ETFs,OOS,Axiom v0.9,707,-2.5,1.3912011112632792,22.495205764245906,-5.670281778839125,22,0.3471291479467007,0.21941331713567144
US_ETFs,OOS,Axiom v0.9,808,-2.5,1.5492705998668581,28.11726354141768,-5.691779956206504,24,0.33327355857460433,0.17606719422049757
US_ETFs,OOS,Axiom v0.9,909,-2.5,1.275529702081263,28.99995344409012,-6.76852339263273,26,0.1503404869212561,0.2085080777305514
US_ETFs,OOS,RAI v6 Fast,-1,-2.5,0.811470406794816,30.528408369834704,-16.13137240844981,179,0.04963634815174876,0.8453310880716434
US_ETFs,OOS,Axiom v0.9,42,-1.5,1.1718580148155826,20.04150575127117,-6.569641200708416,24,0.3574759495449952,0.2664902243776787
US_ETFs,OOS,Axiom v0.9,101,-1.5,1.131944549350276,19.172901826107292,-4.871969093583565,28,0.40294755310081054,0.21451401141153342
US_ETFs,OOS,Axiom v0.9,202,-1.5,1.549916849308393,33.310135831704216,-6.110295412500283,30,0.035783746455024676,0.2318112047508338
US_ETFs,OOS,Axiom v0.9,303,-1.5,1.4141131754913487,33.7672890186971,-7.675367340329779,18,0.056021137209973725,0.23001173282098922
US_ETFs,OOS,Axiom v0.9,404,-1.5,1.3786382069486818,27.844762706677216,-7.2340151115822025,33,0.1544256759675943,0.31366877854917885
US_ETFs,OOS,Axiom v0.9,505,-1.5,1.522702914894759,23.46137675098092,-4.33210964704752,17,0.2571423111563441,0.2276489628459108
US_ETFs,OOS,Axiom v0.9,606,-1.5,1.0898721681110937,18.074395247811115,-7.149971497491079,23,0.11331229792886784,0.3111092523418021
US_ETFs,OOS,Axiom v0.9,707,-1.5,1.3589172377576206,13.46854753561162,-3.608949768417322,13,0.5941846333386892,0.13754456993253955
US_ETFs,OOS,Axiom v0.9,808,-1.5,1.5216270114513912,16.85896731933283,-3.6247823908430803,13,0.57600179438665,0.11237232350110311
US_ETFs,OOS,Axiom v0.9,909,-1.5,1.2861847719615487,22.880303671595236,-5.338106350218135,25,0.32253754549802716,0.1673985004907986
US_ETFs,OOS,RAI v6 Fast,-1,-1.5,0.8236238741572204,28.47676755315911,-14.869511917781908,199,0.12702155709909418,0.7683706404170266
US_ETFs,OOS,Axiom v0.9,42,-0.5,1.1603697492299634,11.949794981751683,-4.078652114372756,14,0.6015562832310524,0.1634013721696363
US_ETFs,OOS,Axiom v0.9,101,-0.5,1.1007695229557108,10.616439426576152,-2.9047932071821267,16,0.6511689390685133,0.12628304247426728
US_ETFs,OOS,Axiom v0.9,202,-0.5,1.5544914396660638,31.25427140194905,-5.744372594652982,31,0.09135968660012417,0.21846320848704057
US_ETFs,OOS,Axiom v0.9,303,-0.5,1.4132119983045572,30.54856408132909,-7.029391676337969,21,0.1379441438561699,0.20941667975896772
US_ETFs,OOS,Axiom v0.9,404,-0.5,1.3693113634229162,21.54682153521945,-5.792363166250912,24,0.3292149304100076,0.24771526157848311
US_ETFs,OOS,Axiom v0.9,505,-0.5,1.514396111413962,15.789000367655337,-2.948609780414434,10,0.48336091418942656,0.15611597155364995
US_ETFs,OOS,Axiom v0.9,606,-0.5,1.0737675116939016,14.79265042767144,-6.042599019314968,17,0.2560661491728893,0.259379407077281
US_ETFs,OOS,Axiom v0.9,707,-0.5,1.354338195811912,6.591101266558952,-1.7666793638342762,7,0.798042384733472,0.06926560666856232
US_ETFs,OOS,Axiom v0.9,808,-0.5,1.5123178537380444,8.284148469168828,-1.8146164766768134,6,0.7830791899757668,0.05739312879956728
US_ETFs,OOS,Axiom v0.9,909,-0.5,1.2847361140753997,14.432025460878384,-3.5788931536569866,20,0.5608566204216374,0.11008071419111758
US_ETFs,OOS,RAI v6 Fast,-1,-0.5,0.8442247958322234,23.58454363894782,-12.221320440602069,221,0.29233880254690753,0.6094670534322968
US_ETFs,OOS,Axiom v0.9,42,0.0,1.128962476360421,8.297685151525314,-2.8964861337678665,8,0.7118863573873457,0.11698822654071467
US_ETFs,OOS,Axiom v0.9,101,0.0,1.0941682505517973,7.337537320439158,-2.0937308439736477,8,0.7559292159263185,0.089327241874174
US_ETFs,OOS,Axiom v0.9,202,0.0,1.545572212075585,29.06683648465085,-5.524651269069052,28,0.14179956586073644,0.2059271849795611
US_ETFs,OOS,Axiom v0.9,303,0.0,1.4033612074343764,27.684104150053646,-6.479481777820835,21,0.20745210852019752,0.1925644124678403
US_ETFs,OOS,Axiom v0.9,404,0.0,1.3648390648767856,17.541756383041207,-4.798547097091334,18,0.44669922813333623,0.20265115949526183
US_ETFs,OOS,Axiom v0.9,505,0.0,1.5069915922189845,11.876955283818269,-2.2696759372615927,9,0.6051703181030476,0.11812322162043269
US_ETFs,OOS,Axiom v0.9,606,0.0,1.0769641657443199,12.69421098452641,-5.215852514440746,16,0.36024933583987695,0.22357350986737423
US_ETFs,OOS,Axiom v0.9,707,0.0,1.2950439287798063,4.157201278498568,-1.1773403873397905,4,0.8659943315037872,0.045938427562839376
US_ETFs,OOS,Axiom v0.9,808,0.0,1.4451779984298678,5.256468064286857,-1.2535213580840467,3,0.854612712265381,0.03931231870967882
US_ETFs,OOS,Axiom v0.9,909,0.0,1.2734088765580855,10.439918763218214,-2.635016061566646,12,0.6748612642717289,0.08204071644475025
US_ETFs,OOS,RAI v6 Fast,-1,0.0,0.8554432877788517,19.786630085531943,-10.246666431840126,222,0.4113056457366963,0.49982477655312135
US_ETFs,Holdout,Axiom v0.9,42,-3.5,1.3716305958258073,38.11824423638459,-14.059258010057468,33,0.06940282804532018,0.39108876259646097
US_ETFs,Holdout,Axiom v0.9,101,-3.5,1.726866855895892,52.1347684949941,-12.768460022345934,52,0.0838537696819028,0.31561040978152277
US_ETFs,Holdout,Axiom v0.9,202,-3.5,1.497166154125271,33.19075735026089,-11.973289961010275,34,0.0050022884746073375,0.24482456468233885
US_ETFs,Holdout,Axiom v0.9,303,-3.5,1.2941533739132522,31.28305135791727,-13.750404020233242,21,0.007905989621151148,0.23936084402568897
US_ETFs,Holdout,Axiom v0.9,404,-3.5,1.3897695107712058,39.8689011139904,-11.84350684688937,29,0.023693979958785843,0.36116495472114796
US_ETFs,Holdout,Axiom v0.9,505,-3.5,1.569373539019589,30.119403503213427,-9.367535558938503,23,0.04438667571491502,0.2915528864481679
US_ETFs,Holdout,Axiom v0.9,606,-3.5,1.3048234105876653,21.077099414854228,-8.427930481836524,32,0.01733908223664124,0.34434250091368107
US_ETFs,Holdout,Axiom v0.9,707,-3.5,1.1696996907429307,25.85147193409172,-12.852547775519396,21,0.16200024262278512,0.2782215610774676
US_ETFs,Holdout,Axiom v0.9,808,-3.5,1.433762521232266,40.49909383304231,-11.464801775470148,38,0.14419582246656923,0.22584054785546348
US_ETFs,Holdout,Axiom v0.9,909,-3.5,1.5579997226255518,40.221987036847295,-14.096715222234907,37,0.05922120536238579,0.23356370094577714
US_ETFs,Holdout,RAI v6 Fast,-1,-3.5,1.1259165165824803,45.075878739683105,-25.13506093923883,176,0.020961889067901612,0.8234422438441458
US_ETFs,Holdout,Axiom v0.9,42,-2.5,1.3734666639114823,33.481343714711564,-12.481982703659593,31,0.16862648445142536,0.3465936869314617
US_ETFs,Holdout,Axiom v0.9,101,-2.5,1.711667069538176,44.07909354233024,-11.34476161974632,51,0.2000025894116527,0.27844720101724696
US_ETFs,Holdout,Axiom v0.9,202,-2.5,1.4989205472483516,32.91664632819919,-11.877803752971817,34,0.013492830256686947,0.24259523254681123
US_ETFs,Holdout,Axiom v0.9,303,-2.5,1.2953670757633757,30.740693596022272,-13.568841831964487,19,0.021275367415116358,0.23585835485250423
US_ETFs,Holdout,Axiom v0.9,404,-2.5,1.3856547017689944,37.990453312171994,-11.388882041283752,29,0.06181533524808992,0.3468608763403765
US_ETFs,Holdout,Axiom v0.9,505,-2.5,1.5777678121898013,27.924313074437524,-8.70416611251217,23,0.1122043139633796,0.2706864491864737
US_ETFs,Holdout,Axiom v0.9,606,-2.5,1.2726770193538766,19.836192087999272,-8.175425117347434,29,0.0456780995988211,0.33421890098686263
US_ETFs,Holdout,Axiom v0.9,707,-2.5,1.177561805870638,20.093568486429692,-10.154877611396774,22,0.3471957165872097,0.2183275867424577
US_ETFs,Holdout,Axiom v0.9,808,-2.5,1.4471080321569156,32.14358954205356,-9.086331864731246,39,0.3145685559331404,0.18106512390170873
US_ETFs,Holdout,Axiom v0.9,909,-2.5,1.5757879881209285,36.491301752781304,-12.794780407137512,35,0.14569672058476005,0.21239997929401397
US_ETFs,Holdout,RAI v6 Fast,-1,-2.5,1.1331400076684044,43.684822941374854,-24.285164806424728,183,0.05560253804668771,0.7891645789221006
US_ETFs,Holdout,Axiom v0.9,42,-1.5,1.36338084848923,25.05773526291113,-9.687337570987566,27,0.35559971329610646,0.26746047859594635
US_ETFs,Holdout,Axiom v0.9,101,-1.5,1.675776864044946,30.641406209187004,-8.591284844414112,34,0.405953310120263,0.21074904330167998
US_ETFs,Holdout,Axiom v0.9,202,-1.5,1.5054927332203951,32.23201589633182,-11.62239601670717,34,0.03582258775843695,0.23664043779067082
US_ETFs,Holdout,Axiom v0.9,303,-1.5,1.2973570980977207,29.673009117236116,-13.099572692961964,22,0.0557329737010592,0.2272672263175923
US_ETFs,Holdout,Axiom v0.9,404,-1.5,1.3865058702927355,34.0561191256801,-10.325311271714638,31,0.1518571803072211,0.31335231036200206
US_ETFs,Holdout,Axiom v0.9,505,-1.5,1.5647229107346372,22.840651811600555,-7.357539804024181,17,0.25546371898321735,0.2258849525710199
US_ETFs,Holdout,Axiom v0.9,606,-1.5,1.286409654158029,18.509577983055927,-7.573697617217869,29,0.11478973160572584,0.310464356959968
US_ETFs,Holdout,Axiom v0.9,707,-1.5,1.1717300899314333,12.204397444760184,-6.385243241329771,14,0.5920624093739765,0.13706332990310688
US_ETFs,Holdout,Axiom v0.9,808,-1.5,1.442252525343198,20.150080067647714,-5.769383177277055,28,0.5558712239546386,0.11742659156265924
US_ETFs,Holdout,Axiom v0.9,909,-1.5,1.557618206790433,28.059426025007483,-10.331329085873337,27,0.3153784184940979,0.171053749824123
US_ETFs,Holdout,RAI v6 Fast,-1,-1.5,1.1403300202735,39.77781607125068,-22.334685287691034,197,0.14082302409022177,0.7078218527931388
US_ETFs,Holdout,Axiom v0.9,42,-0.5,1.351859372095954,14.921642089136867,-6.072450692590935,17,0.6001745920653909,0.16515909365339546
US_ETFs,Holdout,Axiom v0.9,101,-0.5,1.5933878472727476,16.340846963427435,-5.162148540012704,15,0.6518446234559084,0.12577318891144137
US_ETFs,Holdout,Axiom v0.9,202,-0.5,1.4961422515772511,29.91105333385786,-10.977246311528488,34,0.09165234116248953,0.22261756707868782
US_ETFs,Holdout,Axiom v0.9,303,-0.5,1.293336706755316,26.861048160719236,-12.050372871467895,22,0.13738819888373227,0.20718749880668488
US_ETFs,Holdout,Axiom v0.9,404,-0.5,1.3872686859408978,26.49027599394156,-8.280407166497348,29,0.3262261613639589,0.24765975110595367
US_ETFs,Holdout,Axiom v0.9,505,-0.5,1.5679595995786286,15.642595073245324,-5.192250595938224,13,0.4802599102713186,0.15541624649802419
US_ETFs,Holdout,Axiom v0.9,606,-0.5,1.274204142467525,15.156779547956688,-6.31559476919982,25,0.2584362967023185,0.2588539911490561
US_ETFs,Holdout,Axiom v0.9,707,-0.5,1.1757389890859116,6.063396387696995,-3.1528332723043255,6,0.7940247273369975,0.0695637930876822
US_ETFs,Holdout,Axiom v0.9,808,-0.5,1.4237388912721234,9.8991742864031,-2.928332398831045,13,0.7713684221147666,0.05921834280035054
US_ETFs,Holdout,Axiom v0.9,909,-0.5,1.5733673754219137,17.972407750259233,-6.7943590285816295,17,0.5511999167121135,0.11351043109117788
US_ETFs,Holdout,RAI v6 Fast,-1,-0.5,1.1408146140985267,31.198318188961792,-18.134406487143075,209,0.3170189391465434,0.5468563205048911
US_ETFs,Holdout,Axiom v0.9,42,0.0,1.3430966927574637,10.533431439848616,-4.44654104124541,11,0.7115069798281722,0.12040482056369628
US_ETFs,Holdout,Axiom v0.9,101,0.0,1.6960958375022714,11.975558054195744,-3.5456951622335926,14,0.7548289478895673,0.08905880040682954
US_ETFs,Holdout,Axiom v0.9,202,0.0,1.5081093505916767,28.45169588313119,-10.369466669797772,34,0.14248399689342925,0.20999349686565413
US_ETFs,Holdout,Axiom v0.9,303,0.0,1.289819930992157,24.3697267367752,-11.13790639287675,21,0.20739465156924455,0.18977410982900936
US_ETFs,Holdout,Axiom v0.9,404,0.0,1.379374732441206,21.53753607156417,-6.885034731528748,23,0.442470379199247,0.20361592345981425
US_ETFs,Holdout,Axiom v0.9,505,0.0,1.5573847907490472,11.67387051986919,-3.9832271937069086,9,0.6024008642481143,0.11850571401205984
US_ETFs,Holdout,Axiom v0.9,606,0.0,1.2817864632840474,13.008146119001385,-5.436869518039645,22,0.3629903605186232,0.2218728796838452
US_ETFs,Holdout,Axiom v0.9,707,0.0,1.1839812689237164,3.979633515967218,-2.0550090641436993,5,0.8633905657791103,0.045664951435694684
US_ETFs,Holdout,Axiom v0.9,808,0.0,1.3942140504936231,6.475537193080649,-1.9087870518694892,6,0.8461662316373362,0.04030411227558344
US_ETFs,Holdout,Axiom v0.9,909,0.0,1.6016049211013477,13.342941142335341,-5.055500756015114,14,0.6686700519514996,0.08409606352010433
US_ETFs,Holdout,RAI v6 Fast,-1,0.0,1.1457501009462998,25.51272706757206,-14.954865937740006,192,0.43884685990884487,0.4415859194378771
India_Nifty_50,OOS,Axiom v0.9,42,-3.5,0.6618230880306999,7.4427993760024735,-10.736049889383368,16,0.07042692774177907,0.3984351939268008
India_Nifty_50,OOS,Axiom v0.9,101,-3.5,0.7256405674379013,8.316790687211494,-8.85469475985837,11,0.08158973026845144,0.30537603885464987
India_Nifty_50,OOS,Axiom v0.9,202,-3.5,-0.00950705484477715,-0.9499714518417801,-15.199067599176619,21,0.005255986556390509,0.23528588866092306
India_Nifty_50,OOS,Axiom v0.9,303,-3.5,-0.3707146428429641,-4.840852142373064,-13.664957782442807,13,0.007924140442369667,0.23565718411883996
India_Nifty_50,OOS,Axiom v0.9,404,-3.5,-0.11543373493767108,-2.2174878886376814,-12.110068173985589,17,0.025142897641111547,0.36309323829756657
India_Nifty_50,OOS,Axiom v0.9,505,-3.5,0.3470053102304873,3.3487793187245263,-10.831995068701438,15,0.04513566716769766,0.2971587909621667
India_Nifty_50,OOS,Axiom v0.9,606,-3.5,0.030536615327646333,-0.550102549135445,-15.07276749363389,15,0.017986154764780705,0.3380792471068601
India_Nifty_50,OOS,Axiom v0.9,707,-3.5,-0.14175112127038617,-1.8775883463784004,-11.5599977178869,22,0.15190294276376737,0.2857390592650085
India_Nifty_50,OOS,Axiom v0.9,808,-3.5,-0.20948137267345127,-3.0198938054125213,-11.272308387678297,20,0.15561748980492432,0.21965031239575863
India_Nifty_50,OOS,Axiom v0.9,909,-3.5,-0.04190394534894483,-1.0810187991042053,-10.99975796975948,13,0.061110946381146954,0.22758650362322447
India_Nifty_50,OOS,RAI v6 Fast,-1,-3.5,0.9971063460218387,14.473363219810388,-10.339418553570177,112,0.021739545487051887,0.7969945172485237
India_Nifty_50,OOS,Axiom v0.9,42,-2.5,0.6507067186606657,6.5536487010614985,-9.69811847534339,15,0.17071229431323595,0.3526376635468472
India_Nifty_50,OOS,Axiom v0.9,101,-2.5,0.7356954587927533,7.449769046833876,-7.777432732987942,13,0.19509869526026966,0.2721560817365554
India_Nifty_50,OOS,Axiom v0.9,202,-2.5,-0.008569326205931132,-0.9225030557682423,-15.062794827545387,21,0.014149136105591709,0.23311006164479095
India_Nifty_50,OOS,Axiom v0.9,303,-2.5,-0.3613780851462628,-4.67484560803989,-13.489845821633823,14,0.021264610087266676,0.23266520292126555
India_Nifty_50,OOS,Axiom v0.9,404,-2.5,-0.10749137639506486,-2.0000923767722667,-11.534660112478699,16,0.06521814339292747,0.3475966239231006
India_Nifty_50,OOS,Axiom v0.9,505,-2.5,0.334766631935863,3.015400845702687,-10.114433154789163,14,0.11362637906438505,0.27524081901621716
India_Nifty_50,OOS,Axiom v0.9,606,-2.5,0.03773697646415573,-0.40945291407515905,-14.627256511153004,16,0.047504042138322426,0.3275522636320018
India_Nifty_50,OOS,Axiom v0.9,707,-2.5,-0.13486728420400104,-1.339774381471981,-9.035532218588592,19,0.333327852435524,0.22593028228076553
India_Nifty_50,OOS,Axiom v0.9,808,-2.5,-0.19576383880627635,-2.1568169524546654,-8.868847578927019,17,0.3341149228284832,0.1745092729911574
India_Nifty_50,OOS,Axiom v0.9,909,-2.5,-0.039249483632591266,-0.9001441949101574,-9.959486922817591,13,0.14985714257720156,0.20623253225313815
India_Nifty_50,OOS,RAI v6 Fast,-1,-2.5,0.9946750531074889,13.885166969495554,-9.983415552008367,114,0.05742561238789495,0.7635118461770818
India_Nifty_50,OOS,Axiom v0.9,42,-1.5,0.6310520113782813,4.975272048899959,-7.572895972020362,14,0.3569822281614719,0.2710765695464646
India_Nifty_50,OOS,Axiom v0.9,101,-1.5,0.7459527469661016,5.695404755579947,-5.819846539460282,13,0.40005977661458975,0.2100903169013827
India_Nifty_50,OOS,Axiom v0.9,202,-1.5,-0.015917073359281032,-0.9723642813458389,-14.810936891075485,21,0.03737037840710579,0.2271635286356407
India_Nifty_50,OOS,Axiom v0.9,303,-1.5,-0.3712517022126353,-4.59569132191342,-13.061959517105596,13,0.05550949113120053,0.2244803099002632
India_Nifty_50,OOS,Axiom v0.9,404,-1.5,-0.11181838244378633,-1.782946229785265,-10.453683332212632,17,0.15855483947671967,0.31333797532620333
India_Nifty_50,OOS,Axiom v0.9,505,-1.5,0.32979949780137974,2.5541176166856694,-8.528517992428284,14,0.2579798908832687,0.22931345362790398
India_Nifty_50,OOS,Axiom v0.9,606,-1.5,0.033220879729060425,-0.37338613575919055,-13.62873542713269,15,0.11828640212155522,0.3040769160489209
India_Nifty_50,OOS,Axiom v0.9,707,-1.5,-0.13664045520905582,-0.7758409992295823,-5.702766445348742,10,0.5819401085780623,0.1420533684760888
India_Nifty_50,OOS,Axiom v0.9,808,-1.5,-0.20323901309111508,-1.3195797060397862,-5.610078061585629,10,0.5787130491645253,0.1111192859999434
India_Nifty_50,OOS,Axiom v0.9,909,-1.5,-0.029233957967314688,-0.5545805202097465,-7.940660649872018,13,0.3249278827874959,0.16395500146014444
India_Nifty_50,OOS,RAI v6 Fast,-1,-1.5,0.9823816884018292,12.376555929093257,-9.08106262404537,115,0.14467179436067104,0.6829718593998783
India_Nifty_50,OOS,Axiom v0.9,42,-0.5,0.6027176233423698,2.97546198783305,-4.761472072452261,5,0.6029506130917535,0.16733246035026486
India_Nifty_50,OOS,Axiom v0.9,101,-0.5,0.7275209488143821,3.2930463343187277,-3.4846926810928416,7,0.6467179812934403,0.12638861959453057
India_Nifty_50,OOS,Axiom v0.9,202,-0.5,-0.015627922679628852,-0.8678928967199462,-14.00902800640315,20,0.0951958063668836,0.21304848227169365
India_Nifty_50,OOS,Axiom v0.9,303,-0.5,-0.3863496988273829,-4.311571665560788,-12.04184205053522,12,0.1364913353781337,0.20492216859548748
India_Nifty_50,OOS,Axiom v0.9,404,-0.5,-0.12153185031098612,-1.3920124019135782,-8.311668197570885,15,0.33539329527700423,0.24542409912767732
India_Nifty_50,OOS,Axiom v0.9,505,-0.5,0.32967463857486434,1.8490401782015553,-6.008744438952986,10,0.4854772843500815,0.1578561718763818
India_Nifty_50,OOS,Axiom v0.9,606,-0.5,0.036053833520178345,-0.1758074940285015,-11.45063937365745,15,0.2630279887321344,0.25468134883745414
India_Nifty_50,OOS,Axiom v0.9,707,-0.5,-0.13386267751183206,-0.3450483419151662,-2.7344469856703904,4,0.7954108431548815,0.06907788765365028
India_Nifty_50,OOS,Axiom v0.9,808,-0.5,-0.24885854911949004,-0.7732082219053305,-3.02207164167638,4,0.7856752594262137,0.05494875770223682
India_Nifty_50,OOS,Axiom v0.9,909,-0.5,-0.04533596203085713,-0.3643949693579618,-5.1856253487789,10,0.5651282500646555,0.10545270524591588
India_Nifty_50,OOS,RAI v6 Fast,-1,-0.5,0.9587752644121053,9.466999650852138,-7.21359643082505,116,0.3228835624021895,0.5266452785800275
India_Nifty_50,OOS,Axiom v0.9,42,0.0,0.5900737920236906,2.115752072648469,-3.4503559776388673,4,0.7136565527293735,0.12137637643485825
India_Nifty_50,OOS,Axiom v0.9,101,0.0,0.6899339536405147,2.237612050366966,-2.4674817385249592,5,0.7498815307810014,0.09037086658050893
India_Nifty_50,OOS,Axiom v0.9,202,0.0,-0.018017332630046085,-0.8046607741241663,-13.194556045073918,19,0.14739171973837314,0.2000883720838987
India_Nifty_50,OOS,Axiom v0.9,303,0.0,-0.3922935572593306,-3.995662657909993,-11.147932554085251,13,0.20476096772623784,0.18786212315289258
India_Nifty_50,OOS,Axiom v0.9,404,0.0,-0.12616752459282407,-1.126835981580776,-6.8730041898125664,13,0.45221075169710145,0.2011342379797898
India_Nifty_50,OOS,Axiom v0.9,505,0.0,0.3544880162447396,1.5566992860742257,-4.548471456453292,10,0.6083450497788445,0.11855998348257814
India_Nifty_50,OOS,Axiom v0.9,606,0.0,0.029119286239174924,-0.1457642361647249,-9.889149279892152,14,0.3688427558466889,0.21945611778352142
India_Nifty_50,OOS,Axiom v0.9,707,0.0,-0.20970340027026527,-0.34729484889050033,-1.8940079240972678,2,0.8620328309239701,0.04423683926950543
India_Nifty_50,OOS,Axiom v0.9,808,0.0,-0.19193102266607853,-0.38057192062238565,-1.7573268256465817,3,0.8607442292573076,0.037477096341195885
India_Nifty_50,OOS,Axiom v0.9,909,0.0,-0.0643410199416779,-0.3132986791156367,-3.90348613506411,5,0.6821266765090572,0.07764166107608307
India_Nifty_50,OOS,RAI v6 Fast,-1,0.0,0.936641359566936,7.509550214434357,-5.951299192906925,104,0.4460720042329829,0.4230438521764855
India_Nifty_50,Holdout,Axiom v0.9,42,-3.5,0.13558512453582253,0.9006424418655401,-13.132452864693702,20,0.07528092604806237,0.4394119861902033
India_Nifty_50,Holdout,Axiom v0.9,101,-3.5,-0.15476756446815354,-2.314921688494309,-14.316903225243413,15,0.08565503744035784,0.32624340615689795
India_Nifty_50,Holdout,Axiom v0.9,202,-3.5,-0.6649031995813238,-9.712752890601317,-18.853963873160758,25,0.005422611339703099,0.23499981589542351
India_Nifty_50,Holdout,Axiom v0.9,303,-3.5,-0.9122743260031864,-11.774548351387015,-20.08525314880983,24,0.008037718819442758,0.23615741367801674
India_Nifty_50,Holdout,Axiom v0.9,404,-3.5,-0.3138733902384965,-5.143614927474971,-15.013665110259069,22,0.0242951166738519,0.3696926300758123
India_Nifty_50,Holdout,Axiom v0.9,505,-3.5,-1.0183054872715018,-12.703654114005424,-19.563038493002466,18,0.0434665813092735,0.2704320238431346
India_Nifty_50,Holdout,Axiom v0.9,606,-3.5,-0.12359856563388205,-2.8103966269910963,-15.515888065182196,21,0.01874489692274289,0.317102370280865
India_Nifty_50,Holdout,Axiom v0.9,707,-3.5,-0.8216767682643774,-9.036611544374662,-15.370320702772045,21,0.15523413587354581,0.28113141624921945
India_Nifty_50,Holdout,Axiom v0.9,808,-3.5,-0.3430810880983273,-4.402264772210051,-14.27384875445985,25,0.15346407509709686,0.21778144466128554
India_Nifty_50,Holdout,Axiom v0.9,909,-3.5,-0.9180295278031286,-10.509667071768359,-18.318869821185263,18,0.06142790887247659,0.22899611464832834
India_Nifty_50,Holdout,RAI v6 Fast,-1,-3.5,0.2952375028113237,3.6404354525386484,-15.818634985698003,47,0.015626774259925254,0.9187912616447902
India_Nifty_50,Holdout,Axiom v0.9,42,-2.5,0.13686161927210927,0.889885855095085,-11.62731131054632,18,0.17992936604766288,0.38738169762404673
India_Nifty_50,Holdout,Axiom v0.9,101,-2.5,-0.16109058723938996,-2.0086030237627894,-12.562976573890458,13,0.20395783529846864,0.2861080244218287
India_Nifty_50,Holdout,Axiom v0.9,202,-2.5,-0.6668458234818609,-9.642122725842784,-18.7080311408815,25,0.014615916664278535,0.23304827719936466
India_Nifty_50,Holdout,Axiom v0.9,303,-2.5,-0.9170549999239638,-11.660523209464024,-19.879945093038597,24,0.021531930842816314,0.23285033414875195
India_Nifty_50,Holdout,Axiom v0.9,404,-2.5,-0.3216453382461244,-5.003253336040981,-14.499112481060328,24,0.06339692899959545,0.3539763157250024
India_Nifty_50,Holdout,Axiom v0.9,505,-2.5,-1.0174353311087254,-11.82543309338856,-18.353097332213096,18,0.10953973209158914,0.25086733955290075
India_Nifty_50,Holdout,Axiom v0.9,606,-2.5,-0.1120826879632611,-2.533931447846649,-14.924831651068263,20,0.04909269255508534,0.3077198632028359
India_Nifty_50,Holdout,Axiom v0.9,707,-2.5,-0.8324859121286354,-7.134367411679598,-12.17986819670067,18,0.3384523415737625,0.22251565958653396
India_Nifty_50,Holdout,Axiom v0.9,808,-2.5,-0.38002679217708846,-3.7299119164601824,-11.40254890452211,18,0.32894068818266886,0.17362706673818476
India_Nifty_50,Holdout,Axiom v0.9,909,-2.5,-0.9036274013306289,-9.346002282484168,-16.551046605496012,17,0.15126436796451623,0.20655943511253572
India_Nifty_50,Holdout,RAI v6 Fast,-1,-2.5,0.29126513993116876,3.5181556353974575,-15.440930676204543,46,0.04177121428587425,0.8937058129097829
India_Nifty_50,Holdout,Axiom v0.9,42,-1.5,0.15981519548422754,0.9806212519093194,-8.907805556736136,17,0.3718269547869203,0.29269221186178335
India_Nifty_50,Holdout,Axiom v0.9,101,-1.5,-0.15343641813291553,-1.3440904634334894,-9.311588761132427,12,0.41369098195160686,0.21297754638808336
India_Nifty_50,Holdout,Axiom v0.9,202,-1.5,-0.6585271209097745,-9.288932488791012,-18.189951041317958,25,0.03871150225764027,0.2275208410788131
India_Nifty_50,Holdout,Axiom v0.9,303,-1.5,-0.9152557094358824,-11.231597754300216,-19.250857143402893,24,0.05627889914142287,0.22451199284251583
India_Nifty_50,Holdout,Axiom v0.9,404,-1.5,-0.3253924088165703,-4.4911212767900555,-13.195795352803524,23,0.15479859931544665,0.3185536546815952
India_Nifty_50,Holdout,Axiom v0.9,505,-1.5,-1.014038517449784,-9.926272780087796,-15.57376588955918,17,0.2516505054769077,0.21038433782778404
India_Nifty_50,Holdout,Axiom v0.9,606,-1.5,-0.09095692013078707,-2.008309020614907,-13.788475311415638,22,0.12204983949652787,0.2864838567493262
India_Nifty_50,Holdout,Axiom v0.9,707,-1.5,-0.815804901251703,-4.319745734668235,-7.696992292170882,12,0.5876604503942567,0.13831057227801696
India_Nifty_50,Holdout,Axiom v0.9,808,-1.5,-0.430274897182081,-2.5865528987809028,-7.319072492521059,10,0.5711575892047596,0.11313900102480264
India_Nifty_50,Holdout,Axiom v0.9,909,-1.5,-0.9064871233146543,-7.424508287403664,-13.274942200460652,14,0.32701170116168915,0.16247338648862744
India_Nifty_50,Holdout,RAI v6 Fast,-1,-1.5,0.2983730373879585,3.4922799290007633,-14.533254323999953,56,0.10729722991304065,0.8300136946878124
India_Nifty_50,Holdout,Axiom v0.9,42,-0.5,0.14277150580372067,0.5964218713677027,-5.547246793411591,10,0.6134551001906113,0.17592049824275935
India_Nifty_50,Holdout,Axiom v0.9,101,-0.5,-0.1546416044572593,-0.7281990767876612,-5.456130181827004,8,0.6586764750800703,0.12441186712498792
India_Nifty_50,Holdout,Axiom v0.9,202,-0.5,-0.669069414367695,-8.794121910269059,-17.21686392734168,23,0.09868275878388658,0.21307810123785617
India_Nifty_50,Holdout,Axiom v0.9,303,-0.5,-0.9156057560727647,-10.252620871992857,-17.651063281233498,21,0.13878770672839014,0.20354175500049548
India_Nifty_50,Holdout,Axiom v0.9,404,-0.5,-0.3610782957645421,-3.7874127708753424,-10.635098013386415,18,0.3278623576052034,0.25046965887338496
India_Nifty_50,Holdout,Axiom v0.9,505,-0.5,-1.040166286016473,-7.114216108344373,-11.113753782366526,11,0.4774810542812649,0.14626150701208826
India_Nifty_50,Holdout,Axiom v0.9,606,-0.5,-0.08873989525913538,-1.5413080461937012,-11.583639388615047,19,0.26929801610601983,0.24309677199745663
India_Nifty_50,Holdout,Axiom v0.9,707,-0.5,-0.8171374166460061,-2.094025622552942,-3.7604499344283773,6,0.7983160744107932,0.06745458111784643
India_Nifty_50,Holdout,Axiom v0.9,808,-0.5,-0.4796174629561374,-1.4052370641879364,-3.7117618348420036,4,0.7842771173834648,0.058487625810410254
India_Nifty_50,Holdout,Axiom v0.9,909,-0.5,-0.9005952985030435,-4.6986955395116325,-8.571704555485882,10,0.5697069438890255,0.10264633887069831
India_Nifty_50,Holdout,RAI v6 Fast,-1,-0.5,0.3147661963741794,3.3506846922138678,-12.387075326663318,73,0.25064658035760484,0.6933378423135133
India_Nifty_50,Holdout,Axiom v0.9,42,0.0,0.1461590729795848,0.46840476674137044,-3.9565985955680087,6,0.7218451088597683,0.12628205494029016
India_Nifty_50,Holdout,Axiom v0.9,101,0.0,-0.22457441725092628,-0.6879943586131421,-3.897084385848197,3,0.7613227605212306,0.08819304920617665
India_Nifty_50,Holdout,Axiom v0.9,202,0.0,-0.6659734589786744,-8.206298975526261,-16.204213698030877,23,0.15326592639951803,0.20040258036342407
India_Nifty_50,Holdout,Axiom v0.9,303,0.0,-0.8906297031067741,-9.166095885099457,-16.156047797323048,22,0.20867766227561202,0.18633764998941418
India_Nifty_50,Holdout,Axiom v0.9,404,0.0,-0.35738809307010194,-3.042590150401625,-8.895937934284001,16,0.44518217662527415,0.20539378599310984
India_Nifty_50,Holdout,Axiom v0.9,505,0.0,-1.0672878643176766,-5.541719881031348,-8.617364108789136,10,0.6027880469746878,0.10995672649492193
India_Nifty_50,Holdout,Axiom v0.9,606,0.0,-0.08290002104858857,-1.2009279953941743,-9.976366805738428,18,0.372716354300567,0.2121879839082875
India_Nifty_50,Holdout,Axiom v0.9,707,0.0,-0.8138804576873628,-1.4023959184033319,-2.4425824699777543,4,0.8628923304850667,0.044997489020636404
India_Nifty_50,Holdout,Axiom v0.9,808,0.0,-0.5192264561289573,-1.0147095056926125,-2.5330355370943654,2,0.8550795840596861,0.03952529071982032
India_Nifty_50,Holdout,Axiom v0.9,909,0.0,-0.9404564022169881,-3.568500846496403,-6.370365938812897,6,0.6851653342752702,0.07543643337941563
India_Nifty_50,Holdout,RAI v6 Fast,-1,0.0,0.32557732882237844,3.1269799115155594,-10.764104579549587,75,0.35761743777173793,0.5932438208749081
Forex_Commodities,OOS,Axiom v0.9,42,-3.5,0.27574693286872876,1.5463008291221936,-5.199439794110881,19,0.07020489893456974,0.387066739313574
Forex_Commodities,OOS,Axiom v0.9,101,-3.5,0.41755508189779517,3.888860915014569,-7.956906797851139,22,0.09278374827194509,0.3130904808803339
Forex_Commodities,OOS,Axiom v0.9,202,-3.5,0.9912720841647282,10.220551830678492,-6.189744457675473,23,0.005340779776995664,0.250016775502843
Forex_Commodities,OOS,Axiom v0.9,303,-3.5,0.44882133819003933,4.257117675062161,-7.270353589112377,14,0.007666884508362121,0.23187136779272163
Forex_Commodities,OOS,Axiom v0.9,404,-3.5,-0.045452300312759736,-0.8072704227808258,-7.428513113572327,14,0.02792233607880003,0.3530142959171839
Forex_Commodities,OOS,Axiom v0.9,505,-3.5,0.5738558585079933,5.045177164922787,-6.749621820609045,21,0.04483031500120178,0.2901039733115856
Forex_Commodities,OOS,Axiom v0.9,606,-3.5,0.4249571718832325,8.02809901049002,-13.169614947609027,68,0.01298933813697934,0.3659994507135529
Forex_Commodities,OOS,Axiom v0.9,707,-3.5,0.3085766948641398,2.802365074414581,-7.6018799126506025,13,0.15525629846330113,0.27976009504794497
Forex_Commodities,OOS,Axiom v0.9,808,-3.5,0.30137753188495553,2.4674503773733925,-7.66226547120031,18,0.15150103108099916,0.22101159667406672
Forex_Commodities,OOS,Axiom v0.9,909,-3.5,0.42567202437776525,4.469822107404409,-8.717528632006275,16,0.060197206858170815,0.2288435950741767
Forex_Commodities,OOS,RAI v6 Fast,-1,-3.5,0.3473774376350341,2.1602576912894245,-7.566572044973456,31,0.016110422406601873,0.9156952692095511
Forex_Commodities,OOS,Axiom v0.9,42,-2.5,0.25838954919156315,1.304580316762527,-4.660849202079895,15,0.16846371191627124,0.3455812408658233
Forex_Commodities,OOS,Axiom v0.9,101,-2.5,0.39556324815240823,3.195138328297098,-6.862656943942455,19,0.2186809116023181,0.27174264048716373
Forex_Commodities,OOS,Axiom v0.9,202,-2.5,0.9909305026432345,10.12222296998415,-6.130999323273115,23,0.014382488701109052,0.2477214089459263
Forex_Commodities,OOS,Axiom v0.9,303,-2.5,0.4492128782915889,4.211200997017706,-7.1773914314627225,14,0.020547590157340468,0.22869479411720672
Forex_Commodities,OOS,Axiom v0.9,404,-2.5,-0.03550167375006939,-0.6658439017780848,-7.053905589504832,15,0.07257189953472575,0.33685085120955355
Forex_Commodities,OOS,Axiom v0.9,505,-2.5,0.5824900640789876,4.807484453558097,-6.295727582704543,18,0.11313580156216928,0.26814072856265553
Forex_Commodities,OOS,Axiom v0.9,606,-2.5,0.42570306474079694,7.945202131299256,-12.906172105707277,68,0.03445948902432174,0.3578058626264886
Forex_Commodities,OOS,Axiom v0.9,707,-2.5,0.3165874207800765,2.3764313566731365,-6.008697627367522,13,0.33825835317185515,0.22069562135269621
Forex_Commodities,OOS,Axiom v0.9,808,-2.5,0.23422733707081267,1.5095380051514784,-6.147411648261538,13,0.3262529632673201,0.17665263661580838
Forex_Commodities,OOS,Axiom v0.9,909,-2.5,0.4127895844331934,3.983029409962713,-8.030868314118488,14,0.14849856324787358,0.20798639080319675
Forex_Commodities,OOS,RAI v6 Fast,-1,-2.5,0.3486890331411643,2.116194364417523,-7.338794968366079,33,0.04263442884401419,0.8908293508737518
Forex_Commodities,OOS,Axiom v0.9,42,-1.5,0.2814279516740814,1.1410577506580477,-3.6244456539305943,13,0.3528012871860071,0.2672512264438007
Forex_Commodities,OOS,Axiom v0.9,101,-1.5,0.3803545921618796,2.2681018338724934,-4.897373894573747,12,0.43381665251138457,0.19975426323838613
Forex_Commodities,OOS,Axiom v0.9,202,-1.5,0.9980528923323684,9.97367575057535,-6.03591600044894,24,0.038161994126228,0.24159606582928358
Forex_Commodities,OOS,Axiom v0.9,303,-1.5,0.4501556785428949,4.092148494265979,-6.937016645596551,14,0.05377155193888456,0.22051890243816605
Forex_Commodities,OOS,Axiom v0.9,404,-1.5,-0.07349842674475796,-0.8484058154723972,-6.313691678092441,12,0.1751930825456268,0.29811779136191435
Forex_Commodities,OOS,Axiom v0.9,505,-1.5,0.5577602692707903,3.87777469953432,-5.307782341850068,13,0.25684669568137986,0.2241982964606398
Forex_Commodities,OOS,Axiom v0.9,606,-1.5,0.42412540049657954,7.623955197381083,-12.240912866030165,67,0.08784996394873457,0.3375529065521015
Forex_Commodities,OOS,Axiom v0.9,707,-1.5,0.3209025064196974,1.5942100864480002,-3.803156322788016,9,0.5864704548913624,0.13917623894711095
Forex_Commodities,OOS,Axiom v0.9,808,-1.5,0.2075619662774647,0.9053373891219518,-3.9236921079411764,7,0.5671669578912836,0.11477986876408741
Forex_Commodities,OOS,Axiom v0.9,909,-1.5,0.39381786145330044,3.0899789721601234,-6.454030449121831,11,0.3226246836393696,0.16476094305902975
Forex_Commodities,OOS,RAI v6 Fast,-1,-1.5,0.36304600082584726,2.069280531917128,-6.773283817416109,33,0.10940695185819402,0.8258878064168031
Forex_Commodities,OOS,Axiom v0.9,42,-0.5,0.16196499364139497,0.4139236576214067,-2.3232080945433418,4,0.5949528303571333,0.16594552010930244
Forex_Commodities,OOS,Axiom v0.9,101,-0.5,0.36798553212825846,1.3233804154565432,-2.8095828146674484,7,0.6725982289966305,0.11621093087861596
Forex_Commodities,OOS,Axiom v0.9,202,-0.5,1.0081773278720454,9.420631473325747,-5.6484744057979945,24,0.09732594253822566,0.2264721363577977
Forex_Commodities,OOS,Axiom v0.9,303,-0.5,0.46806465596414343,3.9537994884445204,-6.363486817968796,13,0.13291869296994735,0.20107369990418855
Forex_Commodities,OOS,Axiom v0.9,404,-0.5,-0.07793549651071617,-0.6248813236687023,-4.856724980591265,11,0.3660385957265825,0.22847521753014188
Forex_Commodities,OOS,Axiom v0.9,505,-0.5,0.5416463014020932,2.625434995911058,-3.712346296446209,10,0.48543222194143165,0.15449062382189033
Forex_Commodities,OOS,Axiom v0.9,606,-0.5,0.4181557391082123,6.806206437377615,-10.730626605560461,62,0.20577101827176122,0.2925569394577949
Forex_Commodities,OOS,Axiom v0.9,707,-0.5,0.24213058027210607,0.6125393450966854,-1.8907459775027315,4,0.7944382343160091,0.06737457740423981
Forex_Commodities,OOS,Axiom v0.9,808,-0.5,0.1514811395983516,0.3397325590431821,-1.9627409431173743,2,0.784593861019301,0.05638934379380346
Forex_Commodities,OOS,Axiom v0.9,909,-0.5,0.44559102613734536,2.3403053839223142,-4.0571820998266475,10,0.5671202654331274,0.10445081767847825
Forex_Commodities,OOS,RAI v6 Fast,-1,-0.5,0.384800169131878,1.8623217798685143,-5.571621270103205,48,0.2554613691427681,0.6845907790402413
Forex_Commodities,OOS,Axiom v0.9,42,0.0,0.19696624962788634,0.38077267083254096,-1.592658909871646,3,0.7084532743897594,0.11916720132582578
Forex_Commodities,OOS,Axiom v0.9,101,0.0,0.21772747866371944,0.528304210788888,-1.9089069005031207,3,0.7721879709074937,0.08220957219209668
Forex_Commodities,OOS,Axiom v0.9,202,0.0,1.0058075234776893,8.846708250858493,-5.304226116454362,23,0.15061477078877736,0.2127375186093048
Forex_Commodities,OOS,Axiom v0.9,303,0.0,0.46324134782782994,3.618571712596119,-5.844935584370116,12,0.20101041922337828,0.1844258932114075
Forex_Commodities,OOS,Axiom v0.9,404,0.0,-0.05001196380396335,-0.3495624993512636,-3.984359245592354,9,0.4865408055942322,0.18445111311156917
Forex_Commodities,OOS,Axiom v0.9,505,0.0,0.49022509129872033,1.853839346907482,-2.8235524770848413,8,0.6089851658822635,0.11705045512976266
Forex_Commodities,OOS,Axiom v0.9,606,0.0,0.40065984305018426,5.882236352228798,-9.495389612721192,56,0.2981910200115584,0.2580086726314357
Forex_Commodities,OOS,Axiom v0.9,707,0.0,0.14635629287989835,0.2424106880148713,-1.3444369275214363,2,0.8648187514553592,0.04322219766906054
Forex_Commodities,OOS,Axiom v0.9,808,0.0,0.25557465902117193,0.40386970026340396,-1.262257454947306,3,0.8570299939115475,0.03744613070566968
Forex_Commodities,OOS,Axiom v0.9,909,0.0,0.3893707443326592,1.5175740833717644,-3.107092253325355,7,0.6831571951059198,0.07619100420423858
Forex_Commodities,OOS,RAI v6 Fast,-1,0.0,0.3945950944111784,1.6438632776563988,-4.746110349611736,52,0.36563529652260424,0.5798837784169574
Forex_Commodities,Holdout,Axiom v0.9,42,-3.5,1.36891942831485,10.700443712371953,-6.619834216216184,21,0.06966027950952686,0.39595895701164824
Forex_Commodities,Holdout,Axiom v0.9,101,-3.5,1.4035010078352455,26.329836641015092,-16.054032917528918,50,0.08903851355589039,0.30426330358578113
Forex_Commodities,Holdout,Axiom v0.9,202,-3.5,1.0216720081573147,16.185195048909208,-15.79348141029619,37,0.004924079634379731,0.2505197374712851
Forex_Commodities,Holdout,Axiom v0.9,303,-3.5,1.5561063085122016,16.943798072158557,-7.251897173475633,22,0.008424475255868358,0.2402220573097031
Forex_Commodities,Holdout,Axiom v0.9,404,-3.5,1.915168981614912,15.830006594089262,-7.147886422400164,27,0.02560788094132807,0.3615073939662657
Forex_Commodities,Holdout,Axiom v0.9,505,-3.5,1.455791656898061,17.927508886118893,-8.729762080779695,38,0.04426028777091853,0.2883324891218675
Forex_Commodities,Holdout,Axiom v0.9,606,-3.5,0.6269505187750292,17.221924669592315,-30.846721051644614,57,0.01371851221538249,0.37843574136332625
Forex_Commodities,Holdout,Axiom v0.9,707,-3.5,1.292994279494199,12.478739410663398,-5.235096578558034,17,0.16267381598152983,0.28258894716790495
Forex_Commodities,Holdout,Axiom v0.9,808,-3.5,1.4828625659452521,21.66547285955307,-12.606062561148049,45,0.14247727447280611,0.22598792247815194
Forex_Commodities,Holdout,Axiom v0.9,909,-3.5,1.3436091856760213,22.198974850348407,-11.138170331981518,33,0.05623781489037443,0.23965157733066544
Forex_Commodities,Holdout,RAI v6 Fast,-1,-3.5,0.38491167674573207,2.2675379275194363,-5.673926508110599,29,0.014277186711137977,0.9426096559740272
Forex_Commodities,Holdout,Axiom v0.9,42,-2.5,1.3234176110174767,9.300406255164573,-5.909156438591793,19,0.16826925828293102,0.3517368760048745
Forex_Commodities,Holdout,Axiom v0.9,101,-2.5,1.3714609697831837,22.029367331504666,-13.996508713556016,40,0.21075645093039264,0.2649931446354722
Forex_Commodities,Holdout,Axiom v0.9,202,-2.5,1.012372648477313,15.848604331825445,-15.667081614362054,36,0.013271671432993784,0.2484833316598944
Forex_Commodities,Holdout,Axiom v0.9,303,-2.5,1.5480528300866938,16.59846794942357,-7.148778659942202,20,0.022567656016545232,0.23683566777903248
Forex_Commodities,Holdout,Axiom v0.9,404,-2.5,1.8785668648950138,14.83292078275651,-6.8945343085785735,26,0.0666508195084128,0.34648174372089824
Forex_Commodities,Holdout,Axiom v0.9,505,-2.5,1.4726402310692384,16.845032361553546,-8.194343974451687,34,0.11171374109643038,0.26747881858597183
Forex_Commodities,Holdout,Axiom v0.9,606,-2.5,0.6258588315182009,16.93126199252115,-30.24329317452123,55,0.03639848822685926,0.3690100924308614
Forex_Commodities,Holdout,Axiom v0.9,707,-2.5,1.2740059975807363,9.637168308574573,-4.125397197888803,13,0.345747813732108,0.22112751874072395
Forex_Commodities,Holdout,Axiom v0.9,808,-2.5,1.4340453705580747,16.600133728156074,-10.31231300685873,35,0.31001910125165133,0.18201054515387344
Forex_Commodities,Holdout,Axiom v0.9,909,-2.5,1.3307143749874304,20.073949798405376,-10.201533978316096,30,0.13962535362822637,0.21769277486251795
Forex_Commodities,Holdout,RAI v6 Fast,-1,-2.5,0.35759002694075925,2.0484140709344345,-5.627183049816445,32,0.038484545660880685,0.9179417771620106
Forex_Commodities,Holdout,Axiom v0.9,42,-1.5,1.42935510689895,7.901529547452135,-4.686088103596732,16,0.35349543368987524,0.26881023737128584
Forex_Commodities,Holdout,Axiom v0.9,101,-1.5,1.3815501285299412,15.87841046631555,-10.117564316674635,33,0.4217653276072927,0.19590680432986315
Forex_Commodities,Holdout,Axiom v0.9,202,-1.5,1.01982503251969,15.628446529847984,-15.333187380454088,36,0.035271553385880915,0.24298465590887744
Forex_Commodities,Holdout,Axiom v0.9,303,-1.5,1.5641277579659436,16.140643827479153,-6.825801536129219,22,0.058875852929396816,0.22810715936396947
Forex_Commodities,Holdout,Axiom v0.9,404,-1.5,1.8667160762511181,13.179879794908578,-6.20829677923327,24,0.16228391589963667,0.3112767982893554
Forex_Commodities,Holdout,Axiom v0.9,505,-1.5,1.4623845765107972,14.09232944511949,-7.035660465219171,24,0.2551559465147261,0.22395350495989175
Forex_Commodities,Holdout,Axiom v0.9,606,-1.5,0.6231011978511375,16.18862019812337,-28.560269207163337,58,0.09315272422158685,0.3468035372906859
Forex_Commodities,Holdout,Axiom v0.9,707,-1.5,1.2128085796714423,5.621928221983086,-2.6610525030681043,6,0.5902163076998207,0.13880929700263195
Forex_Commodities,Holdout,Axiom v0.9,808,-1.5,1.4250927038639416,10.613716125252548,-6.877217091139368,20,0.5511133692842343,0.11800279524831224
Forex_Commodities,Holdout,Axiom v0.9,909,-1.5,1.3364220180291175,16.32967647222827,-8.438942926830588,24,0.3058242695649787,0.17592065632985793
Forex_Commodities,Holdout,RAI v6 Fast,-1,-1.5,0.3823737540792061,2.0813413704519057,-5.1931057820093836,49,0.09848489399774447,0.8598105729618143
Forex_Commodities,Holdout,Axiom v0.9,42,-0.5,1.411996871570018,5.047140138617978,-3.0178352358238953,7,0.5935556042199394,0.1650911815197179
Forex_Commodities,Holdout,Axiom v0.9,101,-0.5,1.2849977446712595,8.395491162407097,-6.151071725176383,16,0.6668054624532309,0.11390539462805768
Forex_Commodities,Holdout,Axiom v0.9,202,-0.5,0.9810430012273587,14.112760795772372,-14.912744186914754,32,0.09037806994892612,0.22921410747750318
Forex_Commodities,Holdout,Axiom v0.9,303,-0.5,1.5669703054747348,14.739594614727647,-6.26018009659719,20,0.14433770561007775,0.20811262053160554
Forex_Commodities,Holdout,Axiom v0.9,404,-0.5,1.880001172585989,10.262728869619743,-5.015391336057205,21,0.3441839599038024,0.24318284273217064
Forex_Commodities,Holdout,Axiom v0.9,505,-0.5,1.414148792488435,9.460765264964754,-4.857574834710746,15,0.48091674113739163,0.153999122540616
Forex_Commodities,Holdout,Axiom v0.9,606,-0.5,0.6172524727679246,14.392117508536039,-25.042469970399466,57,0.21864917395511319,0.2972901337319942
Forex_Commodities,Holdout,Axiom v0.9,707,-0.5,1.2146466080324823,2.7801636969269294,-1.2736680821765696,3,0.7971535066052872,0.06913875774471052
Forex_Commodities,Holdout,Axiom v0.9,808,-0.5,1.3906747562565154,5.27587040735229,-3.5299537060371167,8,0.7702919495705981,0.06023455788194239
Forex_Commodities,Holdout,Axiom v0.9,909,-0.5,1.3191703458157769,10.482018301718753,-5.541437570975296,19,0.5450928494570064,0.1150973162394907
Forex_Commodities,Holdout,RAI v6 Fast,-1,-0.5,0.36012758774924514,1.6908050367544947,-4.548258683363989,63,0.232222944540264,0.7302843132559401
Forex_Commodities,Holdout,Axiom v0.9,42,0.0,1.2901756936548874,3.389971308752071,-2.231865460804706,5,0.7089299659621903,0.1196174550861657
Forex_Commodities,Holdout,Axiom v0.9,101,0.0,1.2728463226884088,5.740933303094153,-4.083866682997255,11,0.7680254952522805,0.08063481380984802
Forex_Commodities,Holdout,Axiom v0.9,202,0.0,0.9893327259075003,13.425448981797516,-14.059957595452246,31,0.14079676586026138,0.216459183432222
Forex_Commodities,Holdout,Axiom v0.9,303,0.0,1.5689631807874846,13.424099105199993,-5.6518594772239,19,0.21737825727376883,0.1898734278726172
Forex_Commodities,Holdout,Axiom v0.9,404,0.0,1.9153077424217015,8.53969267530963,-4.067653097842114,21,0.4625266261271578,0.19993289720065333
Forex_Commodities,Holdout,Axiom v0.9,505,0.0,1.3818987981980515,6.900410254538647,-3.6894405901348364,11,0.6062822252267436,0.11643658755344613
Forex_Commodities,Holdout,Axiom v0.9,606,0.0,0.5893866865150815,12.25627847196149,-22.418562481571673,48,0.31590455695639874,0.2600959929823702
Forex_Commodities,Holdout,Axiom v0.9,707,0.0,1.1036315157899874,1.7280428536889714,-0.9254792804520396,2,0.8631883964200207,0.04733750569275615
Forex_Commodities,Holdout,Axiom v0.9,808,0.0,1.3024448601990213,3.46765137123064,-2.2631819223802765,5,0.8457369091579723,0.04067098078092831
Forex_Commodities,Holdout,Axiom v0.9,909,0.0,1.2923353456640332,7.6387132628428445,-4.193727677345489,10,0.6644698029224877,0.08540749685928001
Forex_Commodities,Holdout,RAI v6 Fast,-1,0.0,0.32986107272709864,1.3553264257894604,-4.046930938862571,67,0.3347909738755195,0.6315264550220919
Crypto_PIT,OOS,Axiom v0.9,42,-3.5,0.8906104225266767,63.80216472005278,-50.41844104362588,99,0.07729115303720305,0.4625424300043569
Crypto_PIT,OOS,Axiom v0.9,101,-3.5,0.9993044369767919,71.21832437566088,-44.88099054556108,93,0.09484062291853762,0.3080681061751858
Crypto_PIT,OOS,Axiom v0.9,202,-3.5,1.4485746493761962,126.97880819108249,-45.70592848740902,78,0.00508198334168645,0.2640909503257034
Crypto_PIT,OOS,Axiom v0.9,303,-3.5,1.2835742879274445,126.99302400334354,-48.602067966887546,95,0.00936095199553803,0.23042387709208711
Crypto_PIT,OOS,Axiom v0.9,404,-3.5,1.2616735575090137,110.95754251948927,-48.3866101496681,108,0.02314520002120722,0.3666486154089977
Crypto_PIT,OOS,Axiom v0.9,505,-3.5,1.390229384252201,108.65726651671177,-40.75442347123869,79,0.04280025111522222,0.2774131870068756
Crypto_PIT,OOS,Axiom v0.9,606,-3.5,1.4422391246365553,142.04535420431105,-44.74397977744747,88,0.018722533767779135,0.2982573990792623
Crypto_PIT,OOS,Axiom v0.9,707,-3.5,1.2954706363949473,115.46074097134644,-43.38763131403854,112,0.15559700462168985,0.2809901847702352
Crypto_PIT,OOS,Axiom v0.9,808,-3.5,1.1761780151534185,77.32908925785777,-43.32326551313045,91,0.14234503474422702,0.2152504463697319
Crypto_PIT,OOS,Axiom v0.9,909,-3.5,1.2349940257761591,108.62286923119382,-44.93824707168281,101,0.06079191439345154,0.23043185657340393
Crypto_PIT,OOS,RAI v6 Fast,-1,-3.5,0.4482359524551961,4.53217426761916,-64.96390890865098,47,0.011231735585901645,0.9621089602334416
Crypto_PIT,OOS,Axiom v0.9,42,-2.5,0.8972492909223717,59.002362331252336,-45.592588439798874,98,0.18472179200470948,0.40781967023218757
Crypto_PIT,OOS,Axiom v0.9,101,-2.5,1.00961827358257,63.21008208918861,-39.49675237129734,92,0.22145262913966549,0.2657957742938569
Crypto_PIT,OOS,Axiom v0.9,202,-2.5,1.444920449560296,125.0347752400089,-45.40172350064024,81,0.013721632928258641,0.2615880933280179
Crypto_PIT,OOS,Axiom v0.9,303,-2.5,1.2858616157406284,125.28748541352815,-47.919804758687164,94,0.02501328670881439,0.2266964015739364
Crypto_PIT,OOS,Axiom v0.9,404,-2.5,1.258335165093185,105.99402835558354,-46.92304003141441,110,0.06039513495758908,0.35250290200582574
Crypto_PIT,OOS,Axiom v0.9,505,-2.5,1.387970029845736,99.8039698382255,-38.31080330766988,80,0.10890611602372222,0.2582446166730879
Crypto_PIT,OOS,Axiom v0.9,606,-2.5,1.4465384347252337,137.6665670538634,-43.53709944049014,89,0.04931746302260494,0.2891896941976325
Crypto_PIT,OOS,Axiom v0.9,707,-2.5,1.2818235647435507,87.31542901049718,-35.14923704990526,103,0.33478928735532865,0.22183933528738473
Crypto_PIT,OOS,Axiom v0.9,808,-2.5,1.1635914119818496,60.609251937794404,-36.080506102030974,87,0.31071698863219277,0.17316550147574752
Crypto_PIT,OOS,Axiom v0.9,909,-2.5,1.2336036238969865,97.72540786078119,-41.40406594903791,105,0.14950088369186534,0.2087936205494375
Crypto_PIT,OOS,RAI v6 Fast,-1,-2.5,0.45146283849673297,5.686370575179955,-64.11397501508321,60,0.028968830793409853,0.9454452480545369
Crypto_PIT,OOS,Axiom v0.9,42,-1.5,0.8997007854268848,47.03714143236961,-35.9670360267113,91,0.3800269236912284,0.30892955723578763
Crypto_PIT,OOS,Axiom v0.9,101,-1.5,1.0252264074013058,47.40513627649248,-29.824521298286612,80,0.4358782845477673,0.1938355131694854
Crypto_PIT,OOS,Axiom v0.9,202,-1.5,1.4425920205567213,121.24543274128432,-44.5378383019205,78,0.03638524997049489,0.2555916159830365
Crypto_PIT,OOS,Axiom v0.9,303,-1.5,1.2921357247157668,120.96032498296196,-46.197850804077916,97,0.0651322044959654,0.21729392911800863
Crypto_PIT,OOS,Axiom v0.9,404,-1.5,1.2583423271013312,95.4970235783234,-43.26766015634402,111,0.14835240353759074,0.31912911411173156
Crypto_PIT,OOS,Axiom v0.9,505,-1.5,1.381342957693008,81.41908256588401,-33.080093170802876,81,0.2496165132028248,0.21695646863919762
Crypto_PIT,OOS,Axiom v0.9,606,-1.5,1.4552437649467913,126.5590074430535,-40.412132532976074,93,0.12341309723638691,0.2672954094727988
Crypto_PIT,OOS,Axiom v0.9,707,-1.5,1.25536421249092,51.14800264961592,-22.799247070537103,86,0.5792757294682538,0.1404905960428193
Crypto_PIT,OOS,Axiom v0.9,808,-1.5,1.1584135334757184,38.442375021405596,-24.51624060156707,68,0.5503362892378052,0.11294601543264438
Crypto_PIT,OOS,Axiom v0.9,909,-1.5,1.2118473143585158,74.49283020169888,-34.0347279974029,104,0.32278015683999634,0.1665111363270633
Crypto_PIT,OOS,RAI v6 Fast,-1,-1.5,0.4430552358697711,6.678705226053072,-61.41032985534088,82,0.07527267423556817,0.8992223000266154
Crypto_PIT,OOS,Axiom v0.9,42,-0.5,0.9081077286596945,29.698627500807696,-22.727770309199187,68,0.6236382107939992,0.18638341399714378
Crypto_PIT,OOS,Axiom v0.9,101,-0.5,1.0312027330790272,27.344761911420967,-17.75073012240146,57,0.6769401878970562,0.11091494874521984
Crypto_PIT,OOS,Axiom v0.9,202,-0.5,1.4387303466835561,112.28132163827307,-42.44347316916712,72,0.09312373672441518,0.24051953083346778
Crypto_PIT,OOS,Axiom v0.9,303,-0.5,1.3054439474880417,109.89070192082168,-42.16176337240728,105,0.15880013183242409,0.19533278820479597
Crypto_PIT,OOS,Axiom v0.9,404,-0.5,1.2359254600563276,72.84527097002571,-35.79805814853398,105,0.31998018856491023,0.2541722158516573
Crypto_PIT,OOS,Axiom v0.9,505,-0.5,1.3733878116848617,53.97835648663482,-23.980035283338037,63,0.47448670571464463,0.1514407833187647
Crypto_PIT,OOS,Axiom v0.9,606,-0.5,1.4720244131326983,103.00409652114983,-33.80826781338248,94,0.276709979377094,0.2216577684587959
Crypto_PIT,OOS,Axiom v0.9,707,-0.5,1.2334924244146308,23.800317714189735,-11.653267106437053,44,0.789900547734982,0.06996221185848443
Crypto_PIT,OOS,Axiom v0.9,808,-0.5,1.201666101569862,20.083069674624742,-13.08316089623246,44,0.768305420211071,0.05815367267012601
Crypto_PIT,OOS,Axiom v0.9,909,-0.5,1.1951036513807378,45.668590908582665,-22.871980183073774,78,0.5628614795293247,0.10771197145133951
Crypto_PIT,OOS,RAI v6 Fast,-1,-0.5,0.41384436048708806,7.417906139318298,-55.540604773702526,127,0.1804971895271671,0.7956859489872418
Crypto_PIT,OOS,Axiom v0.9,42,0.0,0.9368178508618119,22.21219729147299,-16.76058469221147,62,0.7316535719406928,0.13214847740522917
Crypto_PIT,OOS,Axiom v0.9,101,0.0,1.0467554522709084,19.18784199548329,-12.640533616532638,43,0.7752274112305966,0.0767683318824128
Crypto_PIT,OOS,Axiom v0.9,202,0.0,1.443813362295535,105.40916011412342,-40.359929843092466,77,0.1453785192727272,0.22659175145000274
Crypto_PIT,OOS,Axiom v0.9,303,0.0,1.3089517762572325,99.24577261444219,-38.83409999662808,103,0.23689053465181134,0.17682654125815384
Crypto_PIT,OOS,Axiom v0.9,404,0.0,1.2306622281590134,59.16513787971094,-30.26683748119349,95,0.43659526060217096,0.20999280595257308
Crypto_PIT,OOS,Axiom v0.9,505,0.0,1.37080062132023,40.10794982178834,-18.711076777862328,55,0.5977297725019379,0.11557007145274906
Crypto_PIT,OOS,Axiom v0.9,606,0.0,1.4854316270840218,86.24087622532947,-28.860071878817216,87,0.3859652964250553,0.18923534462350114
Crypto_PIT,OOS,Axiom v0.9,707,0.0,1.1985430928015677,15.050859720453902,-8.314377640750974,26,0.8604978261801748,0.04670385241562051
Crypto_PIT,OOS,Axiom v0.9,808,0.0,1.1615378009236985,12.784695143650815,-9.163554953691886,22,0.8443823551948931,0.03953559935437785
Crypto_PIT,OOS,Axiom v0.9,909,0.0,1.1973379595452573,32.888435485839906,-16.94193207836772,63,0.6790878937712401,0.0791009313896934
Crypto_PIT,OOS,RAI v6 Fast,-1,0.0,0.39431782544978405,8.107755950623364,-50.34949191027987,156,0.265973567533652,0.71172218189119
Crypto_PIT,Holdout,Axiom v0.9,42,-3.5,-1.564828778752835,-68.41994175574727,-72.10425029805673,66,0.07476314741749121,0.42873110277703863
Crypto_PIT,Holdout,Axiom v0.9,101,-3.5,-1.4358568348486318,-57.28064563298661,-61.365008304827285,68,0.09400327095918384,0.32578342683783007
Crypto_PIT,Holdout,Axiom v0.9,202,-3.5,-1.0620977693550462,-52.26735848260613,-60.5585528348877,49,0.0058326464764815985,0.23061334909857176
Crypto_PIT,Holdout,Axiom v0.9,303,-3.5,-1.249189232027689,-61.75381164049547,-68.12011163954439,53,0.011221532956860989,0.22928810095878796
Crypto_PIT,Holdout,Axiom v0.9,404,-3.5,-1.1803798851564509,-58.06469407428529,-64.23833630161265,64,0.023235389498983395,0.3617830060817976
Crypto_PIT,Holdout,Axiom v0.9,505,-3.5,-1.0209030679367457,-48.07325512725784,-57.693241065467035,38,0.04496345885442775,0.2567825378251986
Crypto_PIT,Holdout,Axiom v0.9,606,-3.5,-1.1151399835934532,-54.02327079910404,-60.58890162503457,50,0.01844385166235362,0.32500147988859807
Crypto_PIT,Holdout,Axiom v0.9,707,-3.5,-1.230314709161721,-57.61039561414005,-64.6402543021341,63,0.14764509008598695,0.29125178733213086
Crypto_PIT,Holdout,Axiom v0.9,808,-3.5,-1.092722125198968,-48.872209739560134,-57.53914589865343,80,0.13976498674848248,0.2139190759145421
Crypto_PIT,Holdout,Axiom v0.9,909,-3.5,-1.246096989560566,-55.27395169462929,-61.960962727917234,60,0.06100933735062153,0.23512983470555407
Crypto_PIT,Holdout,RAI v6 Fast,-1,-3.5,-1.8745526935841528,-85.53181565010685,-87.15549824315424,40,0.011180295605977978,0.9082731139478468
Crypto_PIT,Holdout,Axiom v0.9,42,-2.5,-1.5671875379491194,-63.507174614381526,-67.34404729340461,75,0.17945821294247682,0.3792645319882994
Crypto_PIT,Holdout,Axiom v0.9,101,-2.5,-1.4366123886928361,-51.524682715348824,-55.56656016380265,71,0.21952646152718805,0.281315784627315
Crypto_PIT,Holdout,Axiom v0.9,202,-2.5,-1.0628745384779075,-51.88634566195367,-60.17030069347092,50,0.015689189828585907,0.22829189393838428
Crypto_PIT,Holdout,Axiom v0.9,303,-2.5,-1.2502029783610071,-61.008577906431725,-67.37680368143145,55,0.0299103249367433,0.22491516982538726
Crypto_PIT,Holdout,Axiom v0.9,404,-2.5,-1.1769607951419956,-56.30769685254876,-62.53146520164573,67,0.061180038901013395,0.34758893992937523
Crypto_PIT,Holdout,Axiom v0.9,505,-2.5,-1.0197591688737047,-45.22315675327378,-54.71311848573098,43,0.11353265997032362,0.23858918662607184
Crypto_PIT,Holdout,Axiom v0.9,606,-2.5,-1.113619405350057,-52.72891787336418,-59.312281922360285,54,0.04833833373076637,0.3149275762670981
Crypto_PIT,Holdout,Axiom v0.9,707,-2.5,-1.2228154415949601,-47.87627599460256,-55.08023796619222,66,0.32577132188292657,0.23123295886864922
Crypto_PIT,Holdout,Axiom v0.9,808,-2.5,-1.0870420278097959,-40.765587888215784,-49.02419511733293,78,0.30629816038894325,0.1718684802265508
Crypto_PIT,Holdout,Axiom v0.9,909,-2.5,-1.2504668327796875,-51.38851196103013,-58.01923040968426,61,0.1500967287847425,0.21237498450278897
Crypto_PIT,Holdout,RAI v6 Fast,-1,-2.5,-1.8766796219965958,-85.13744749547486,-86.79249184619103,42,0.02845791621997848,0.8948769699235049
Crypto_PIT,Holdout,Axiom v0.9,42,-1.5,-1.5746810825518793,-52.921770932977275,-56.82330080213928,74,0.3724465708306559,0.2883693407197193
Crypto_PIT,Holdout,Axiom v0.9,101,-1.5,-1.4656375775106922,-40.8171368920086,-44.36325548820196,61,0.43099754432571064,0.2060844697703341
Crypto_PIT,Holdout,Axiom v0.9,202,-1.5,-1.059376819206521,-50.742946775409095,-58.99785439856908,52,0.04139197620176803,0.22223239893051341
Crypto_PIT,Holdout,Axiom v0.9,303,-1.5,-1.2572138937602564,-59.23995765067942,-65.55602472452583,55,0.0771400676130422,0.2137424889014192
Crypto_PIT,Holdout,Axiom v0.9,404,-1.5,-1.173300686203994,-52.19173102247061,-58.439661661953735,70,0.14974194302963942,0.3141938295948078
Crypto_PIT,Holdout,Axiom v0.9,505,-1.5,-1.0122951917137746,-38.61923254165244,-47.67186721887363,47,0.25884498609716816,0.20018253901946514
Crypto_PIT,Holdout,Axiom v0.9,606,-1.5,-1.1083892112806717,-49.43192219714532,-55.992558087856715,58,0.12144337514608028,0.29082151904572834
Crypto_PIT,Holdout,Axiom v0.9,707,-1.5,-1.2081777871437922,-32.031104773101724,-38.27440105846854,57,0.5768737288732639,0.1457815199345971
Crypto_PIT,Holdout,Axiom v0.9,808,-1.5,-1.0757714141385213,-27.892603404180804,-34.69566064861577,64,0.5448701617841035,0.11297536262826044
Crypto_PIT,Holdout,Axiom v0.9,909,-1.5,-1.2559649626980995,-42.96615158636229,-49.30888468627626,61,0.32514551749242465,0.16879767301334234
Crypto_PIT,Holdout,RAI v6 Fast,-1,-1.5,-1.8789109818332477,-83.84138234309677,-85.56260983470328,54,0.06975998946821736,0.8643997710171496
Crypto_PIT,Holdout,Axiom v0.9,42,-0.5,-1.5584683003550026,-35.59291628517176,-38.992966821259344,55,0.6159730635498557,0.17485760123842858
Crypto_PIT,Holdout,Axiom v0.9,101,-0.5,-1.4640298035936938,-25.643920309166933,-28.407682253593077,40,0.6690894829096595,0.12031168237255786
Crypto_PIT,Holdout,Axiom v0.9,202,-0.5,-1.064670352342784,-48.20642111711779,-56.39319876151229,54,0.10506273264634655,0.2072320184441874
Crypto_PIT,Holdout,Axiom v0.9,303,-0.5,-1.271334003797045,-54.749444124052424,-61.0245720309931,58,0.18438772801925327,0.18896425486291754
Crypto_PIT,Holdout,Axiom v0.9,404,-0.5,-1.1694163956172459,-43.41219961594012,-49.468647934700876,69,0.32393846694867695,0.2498398791138282
Crypto_PIT,Holdout,Axiom v0.9,505,-0.5,-1.023239912951803,-27.940634312431946,-35.474383679587284,47,0.48763388277699704,0.13938131525400876
Crypto_PIT,Holdout,Axiom v0.9,606,-0.5,-1.1181125952024298,-42.70386878323305,-48.95728475324274,60,0.27276779257069445,0.24079750837671504
Crypto_PIT,Holdout,Axiom v0.9,707,-0.5,-1.180787654344612,-16.262582703067896,-20.273403986223236,29,0.7902563923428904,0.07273815111785975
Crypto_PIT,Holdout,Axiom v0.9,808,-0.5,-1.0891250379093291,-15.193195993291441,-19.37970469724375,30,0.7627538253396857,0.058963359143720036
Crypto_PIT,Holdout,Axiom v0.9,909,-0.5,-1.262218061711686,-29.499616046178858,-34.624998274899845,52,0.5682634961988635,0.10714302006057515
Crypto_PIT,Holdout,RAI v6 Fast,-1,-0.5,-1.865204196753636,-80.43118188753292,-82.36508410735082,67,0.15849973132790426,0.7966259502145919
Crypto_PIT,Holdout,Axiom v0.9,42,0.0,-1.560620877231871,-26.670133919552754,-29.565330299167243,39,0.724933872432338,0.12424022504242001
Crypto_PIT,Holdout,Axiom v0.9,101,0.0,-1.4200502865648186,-18.04665286150121,-20.152333225554138,31,0.7682143439711029,0.08386704759129608
Crypto_PIT,Holdout,Axiom v0.9,202,0.0,-1.0673200465638022,-45.76669640835983,-53.85315336027884,56,0.16173120273292602,0.19343615705558287
Crypto_PIT,Holdout,Axiom v0.9,303,0.0,-1.2706389703688101,-50.61895893205898,-56.81149417456306,63,0.2693639689840278,0.16971448627417704
Crypto_PIT,Holdout,Axiom v0.9,404,0.0,-1.1770650671171603,-37.0899934912787,-42.69348232192975,64,0.4408914915641004,0.20666189046204747
Crypto_PIT,Holdout,Axiom v0.9,505,0.0,-1.043144243497556,-21.943137454159846,-28.16996708851442,36,0.6107779705836686,0.10722498402340622
Crypto_PIT,Holdout,Axiom v0.9,606,0.0,-1.109894195855116,-37.077513547208596,-42.9971606395986,58,0.38228541775488994,0.2042092442952849
Crypto_PIT,Holdout,Axiom v0.9,707,0.0,-1.2092004685499866,-11.223101504886145,-14.058012721695452,19,0.8611402616742063,0.048302630039833705
Crypto_PIT,Holdout,Axiom v0.9,808,0.0,-1.1186288162613958,-10.4412355415608,-13.458286896984825,16,0.8415127417563293,0.040936890144214276
Crypto_PIT,Holdout,Axiom v0.9,909,0.0,-1.2215584881187762,-21.605118948727586,-25.818236851410493,41,0.6835661034047443,0.0788012574586712
Crypto_PIT,Holdout,RAI v6 Fast,-1,0.0,-1.839162669939042,-77.18731344647567,-79.22765861915221,86,0.22554846722118435,0.7439042187496454
