Universe,Model,Seed,OOS Return (%),OOS Sharpe,OOS Max DD (%),Future Return (%),Future Sharpe,Future Max DD (%)
US_ETFs,Axiom v0.9,42,25.812527851615542,1.1466571148688314,-8.404672579966501,33.481334089624816,1.3734662325081257,-12.481988089213903
US_ETFs,Axiom v0.9,101,26.66675308459896,1.1563768470697198,-6.349007086336983,44.07914040339263,1.7116684420566977,-11.34476498894861
US_ETFs,Axiom v0.9,202,34.07363860172574,1.5432035159195276,-6.307843007233157,32.91662797358359,1.4989203057360083,-11.87781252218309
US_ETFs,Axiom v0.9,303,34.94946768410132,1.408022079093376,-7.938594880893045,30.740696146200964,1.295367198576745,-13.568850102746497
US_ETFs,Axiom v0.9,404,31.088956298291247,1.3781838953764738,-7.941764533512802,37.99044297586407,1.3856545139836334,-11.388890132042444
US_ETFs,Axiom v0.9,505,28.337298197811723,1.5160747933816188,-5.167044564346014,27.924359089991448,1.5777713060181424,-8.704165353792497
US_ETFs,Axiom v0.9,606,19.408491510684065,1.0814898307526686,-7.694623782623059,19.8361766790609,1.2726773900708253,-8.17542932169761
US_ETFs,Axiom v0.9,707,22.49524962262477,1.391202586421577,-5.67028049747891,20.093548575528388,1.177560890778417,-10.154887137581433
US_ETFs,Axiom v0.9,808,28.117276505293365,1.5492709938370817,-5.691785255353819,32.14358752780788,1.4471078632444394,-9.086347589009547
US_ETFs,Axiom v0.9,909,28.99994820042886,1.2755291838502896,-6.768530450036699,36.4912961564686,1.5757872816296763,-12.794795017691174
US_MegaCap_PIT,Axiom v0.9,42,50.19339587841145,1.416808874948248,-9.494239981467945,65.13055460387616,1.7245476475504347,-18.33810654921556
US_MegaCap_PIT,Axiom v0.9,101,40.35192623566306,1.4409013124836754,-7.956822776922667,45.76887908129743,1.6423538379338871,-14.016789584429576
US_MegaCap_PIT,Axiom v0.9,202,79.70571446474868,2.3750696159963987,-9.652945402797053,65.16874968365009,1.9133453321698934,-14.054384828005501
US_MegaCap_PIT,Axiom v0.9,303,70.54630116853455,1.931518749744628,-9.351173494433946,69.06287779749356,1.8465601704988206,-16.37765704448414
US_MegaCap_PIT,Axiom v0.9,404,66.94139516189763,1.8013349995382095,-10.687769673854252,56.49622383513584,1.4541648449523024,-20.61186842631959
US_MegaCap_PIT,Axiom v0.9,505,93.38743351981019,2.6018354509003143,-7.985467585789216,57.598385253817284,1.6964692779983077,-14.600759254519755
US_MegaCap_PIT,Axiom v0.9,606,72.66292783960839,1.980614644595019,-8.035281684155123,40.712149730079176,1.2097496926554205,-15.50190353593105
US_MegaCap_PIT,Axiom v0.9,707,49.99495736710888,1.9617369294158735,-7.789811223179305,50.19679593889084,1.7971172895903709,-13.135797982073788
US_MegaCap_PIT,Axiom v0.9,808,27.08732835527623,1.3692738890252103,-7.362759408037735,40.54071189200066,1.8651192087382913,-11.57757186481572
US_MegaCap_PIT,Axiom v0.9,909,60.816599461287055,2.0773987301482357,-7.3690094388561125,49.8250614700289,1.7301934973634425,-13.764119438915301
Global_Indices,Axiom v0.9,42,27.95626821041939,1.095162232764753,-9.330082893337291,29.568922393210094,1.0040632990686507,-11.763296289428824
Global_Indices,Axiom v0.9,101,31.393490386124423,1.3697694428766611,-7.695065907547087,19.371270949303955,0.7996400091928669,-10.086427293602975
Global_Indices,Axiom v0.9,202,36.297329724678164,1.1420756345570735,-11.732392429939576,29.360974014482256,0.9348992373819083,-14.137957376863163
Global_Indices,Axiom v0.9,303,34.159094131247244,1.1139614609367179,-11.143062403967678,31.258735003309578,0.9639883490528055,-13.824136672860417
Global_Indices,Axiom v0.9,404,28.040542721726226,0.95379040137614,-11.521283760562659,35.26180610523686,1.0179029627217018,-13.833061569053365
Global_Indices,Axiom v0.9,505,35.580290675646495,1.2602885111021942,-11.047090173127987,27.452036621893704,0.9483376300653638,-12.478006938005981
Global_Indices,Axiom v0.9,606,18.55724127554188,0.5637440651253025,-13.249089665356733,21.73128143457117,0.6648146302623449,-15.91286445952311
Global_Indices,Axiom v0.9,707,18.42209394525294,0.8687069482692885,-7.707188064633423,21.30954851870346,0.9066049037694427,-10.286456384626266
Global_Indices,Axiom v0.9,808,23.625305546993758,1.2118572015389149,-7.4802727646638925,24.419551482072865,1.0995109444095095,-9.247748923361737
Global_Indices,Axiom v0.9,909,29.65238871999134,1.1853554636746095,-8.615970950643783,20.98383442320817,0.8017696184939479,-11.225623507309075
India_Nifty_50,Axiom v0.9,42,5.481951563409626,0.5550343157137247,-9.698941082914757,1.6741159964139385,0.2077634261910531,-11.646216775371645
India_Nifty_50,Axiom v0.9,101,6.689538260257866,0.6674264936492268,-7.853547342141402,-1.2947075401217756,-0.08516647954307172,-12.578601328765432
India_Nifty_50,Axiom v0.9,202,-1.5426493447554868,-0.05752362320349375,-15.092934697243393,-9.249219697159184,-0.6337521076446856,-18.7304203627607
India_Nifty_50,Axiom v0.9,303,-5.2610410614988945,-0.41336350539183137,-13.480780346143058,-11.307663684540314,-0.8850846838880435,-19.88636835905586
India_Nifty_50,Axiom v0.9,404,-3.0645973134191595,-0.19778455382222793,-11.533381435125927,-4.148021647376188,-0.2525651853522692,-14.484305418386262
India_Nifty_50,Axiom v0.9,505,2.5995003339968292,0.2958180056015896,-10.115162267429714,-11.25567939578117,-0.959781484038895,-18.354635827777933
India_Nifty_50,Axiom v0.9,606,-0.7096724249779807,0.015337159601534773,-14.629015921420699,-1.825343863818385,-0.05988179189285571,-14.972325076904127
India_Nifty_50,Axiom v0.9,707,-1.6567119222735016,-0.17630870365572102,-8.959327771506315,-6.704451934505284,-0.7759017112971401,-12.154310335657003
India_Nifty_50,Axiom v0.9,808,-2.8441698046623443,-0.27397708175914515,-8.866710090544391,-3.391613453492681,-0.33934262968918555,-11.435496451728257
India_Nifty_50,Axiom v0.9,909,-1.1551860508419165,-0.06465896784140615,-9.953351319757486,-8.770945886282899,-0.8403012590509878,-16.5473274338003
Forex_Commodities,Axiom v0.9,42,1.3045902548244115,0.2583911144936988,-4.660856989348259,9.564322676032333,1.3551004841411425,-5.9091554879760855
Forex_Commodities,Axiom v0.9,101,3.195143645027132,0.3955638932918258,-6.862656196961008,22.47520942203809,1.3921768547395041,-13.996498500784012
Forex_Commodities,Axiom v0.9,202,10.122207791374894,0.9909289327953087,-6.131002583798122,16.255575191666093,1.032407744681422,-15.667111979043744
Forex_Commodities,Axiom v0.9,303,4.211201479713322,0.44921290286456356,-7.177387443377093,16.64603402578897,1.5489279750715168,-7.148788797927384
Forex_Commodities,Axiom v0.9,404,-0.6658175813435863,-0.035498646821576184,-7.053888060733149,15.030690343388663,1.8974670300338201,-6.894524387708895
Forex_Commodities,Axiom v0.9,505,4.807465001576916,0.5824879670848652,-6.295727674456448,17.150810847851194,1.4932357732046242,-8.194330223580174
Forex_Commodities,Axiom v0.9,606,7.945276260155687,0.4257057088696509,-12.906173102937618,16.140267942087316,0.6052114788759938,-30.243286935788806
Forex_Commodities,Axiom v0.9,707,2.3764414426090674,0.3165884304037961,-6.008702245544381,9.696341300076616,1.2786999358127797,-4.125394050420731
Forex_Commodities,Axiom v0.9,808,1.5095731179222582,0.23423192903755397,-6.147402176806982,16.930549328985833,1.4562700833911666,-10.312307944247785
Forex_Commodities,Axiom v0.9,909,3.9830530130803066,0.41279167750206325,-8.030861207705552,20.298484366982585,1.340841419549754,-10.201538488360937
Crypto_PIT,Axiom v0.9,42,50.592569871869486,0.820884937869092,-45.58630894943076,-62.847524452695794,-1.5371950430846522,-66.76503709786729
Crypto_PIT,Axiom v0.9,101,56.175271522772775,0.9355469598128212,-39.553678099934515,-50.716817994028155,-1.4007844127482199,-55.233098152507154
Crypto_PIT,Axiom v0.9,202,110.1468114240895,1.3398102773754945,-45.41878018762983,-50.5300738803455,-1.0146296456611494,-60.16725957288609
Crypto_PIT,Axiom v0.9,303,107.47620300212688,1.1823430792626601,-47.97845837280661,-59.755505481404626,-1.2039957120953064,-66.38732175576553
Crypto_PIT,Axiom v0.9,404,91.02520359803997,1.1508098512144118,-47.016710464834276,-55.07025632013737,-1.1330747555847784,-62.2304714445656
Crypto_PIT,Axiom v0.9,505,88.0707854171669,1.2822799385686217,-38.283018567667185,-43.86943502790025,-0.9732742996607037,-54.65669859897433
Crypto_PIT,Axiom v0.9,606,122.41057992503053,1.3534235496102425,-43.47945522028068,-50.99410513587437,-1.0547569367269942,-58.830945837473
Crypto_PIT,Axiom v0.9,707,78.15541093395473,1.188593545389847,-35.385738985087656,-47.103735403437184,-1.1821179054735937,-54.37376060284279
Crypto_PIT,Axiom v0.9,808,52.50463569487997,1.0533981088496933,-36.116198150423706,-39.61286750678461,-1.0442036086493263,-48.922166432032405
Crypto_PIT,Axiom v0.9,909,86.03188821577209,1.1438257807471466,-41.35304689816158,-50.177124554674265,-1.2040104928188358,-57.0427060642132
