Universe,Model,Seed,OOS Sharpe,OOS Return (%),OOS Max DD (%),Future Sharpe,Future Return (%),Future Max DD (%),OOS Sharpe (costed),Future Sharpe (costed)
US_ETFs,LSTM (real),42,1.1160710583346096,19.526670541007874,-5.681863137754103,1.6594537785584282,29.515800293824057,-9.36698563615819,1.1136312348951671,1.6262509652849106
US_ETFs,XGBoost (real),42,1.1252854507395587,17.241290108643547,-4.318366595935531,1.8389411904186481,28.049197469656395,-6.138320294295131,-0.04759069625748597,0.5780815216326278
US_ETFs,LSTM (real),101,1.1160710583346096,19.526670541007874,-5.681863137754103,1.6594537785584282,29.515800293824057,-9.36698563615819,1.1136312348951671,1.6262509652849106
US_ETFs,XGBoost (real),101,1.2886330598614961,19.83905556248242,-4.318366595935531,1.4448547625289543,21.389709283842272,-6.648446884660444,0.11991970544470516,0.1254317904583821
US_ETFs,LSTM (real),202,1.1160710583346096,19.526670541007874,-5.681863137754103,1.6594537785584282,29.515800293824057,-9.36698563615819,1.1136312348951671,1.6262509652849106
US_ETFs,XGBoost (real),202,1.0461642608559856,15.84451679799428,-4.8206814576303625,2.0361726208598903,29.83034043241055,-4.237098489805191,-0.10259047028898911,0.7209014881623235
US_ETFs,LSTM (real),303,1.1160710583346096,19.526670541007874,-5.681863137754103,1.6594537785584282,29.515800293824057,-9.36698563615819,1.1136312348951671,1.6262509652849106
US_ETFs,XGBoost (real),303,1.21439625141321,18.65762225389558,-4.318366595935531,1.905868238210082,27.982933268648182,-4.6180665769135905,0.04641864849729223,0.5689425057637919
US_ETFs,LSTM (real),404,1.1160710583346096,19.526670541007874,-5.681863137754103,1.6594537785584282,29.515800293824057,-9.36698563615819,1.1136312348951671,1.6262509652849106
US_ETFs,XGBoost (real),404,1.2722079869225322,19.451069610313155,-4.318366595935531,1.3039658400246423,18.60890007698508,-7.553676019312864,0.06986941133209573,-0.0919290570680802
US_ETFs,LSTM (real),505,1.1160710583346096,19.526670541007874,-5.681863137754103,1.6594537785584282,29.515800293824057,-9.36698563615819,1.1136312348951671,1.6262509652849106
US_ETFs,XGBoost (real),505,1.1205613505255756,17.189831097642426,-4.8206814576303625,2.0913833460827496,30.678683549198404,-4.237098489805294,-0.06119881228693714,0.7468297205509232
US_ETFs,LSTM (real),606,1.1160710583346096,19.526670541007874,-5.681863137754103,1.6594537785584282,29.515800293824057,-9.36698563615819,1.1136312348951671,1.6262509652849106
US_ETFs,XGBoost (real),606,1.1575899430338057,17.71554791590093,-4.8206814576303625,1.8823253803898847,27.91690791085799,-4.618066576913564,0.017485698121433215,0.5462569690399374
US_ETFs,LSTM (real),707,1.1160710583346096,19.526670541007874,-5.681863137754103,1.6594537785584282,29.515800293824057,-9.36698563615819,1.1136312348951671,1.6262509652849106
US_ETFs,XGBoost (real),707,1.1743840515958641,17.750293774098424,-4.318366595935531,1.3782494137605965,20.11636766176266,-6.623404478245118,0.001690753403571187,0.0596576819685407
US_ETFs,LSTM (real),808,1.1160710583346096,19.526670541007874,-5.681863137754103,1.6594537785584282,29.515800293824057,-9.36698563615819,1.1136312348951671,1.6262509652849106
US_ETFs,XGBoost (real),808,1.1012364090227855,16.868774410033073,-4.8206814576303625,1.8076701737074377,26.70386783317944,-4.61806657691353,-0.03414402474438791,0.5310061608215979
US_ETFs,LSTM (real),909,1.1160710583346096,19.526670541007874,-5.681863137754103,1.6594537785584282,29.515800293824057,-9.36698563615819,1.1136312348951671,1.6262509652849106
US_ETFs,XGBoost (real),909,1.1516080211105928,17.591796850372887,-5.170244923746359,1.411176508095914,20.604158193633083,-7.553676019312913,-0.004402669634040586,0.021032669509369294
US_MegaCap_PIT,LSTM (real),42,1.7285768609548318,45.04325652291614,-6.955241126976569,1.8543143358610532,48.17037996080315,-13.04857787782067,1.7372823741645316,1.8635481981964437
US_MegaCap_PIT,XGBoost (real),42,1.71128592035394,36.60865468952863,-5.900499480031865,1.8470071082428052,35.35935827364043,-10.942332702276454,0.7640661879222711,0.8362889560040244
US_MegaCap_PIT,LSTM (real),101,1.7285768609548318,45.04325652291614,-6.955241126976569,1.8543143358610532,48.17037996080315,-13.04857787782067,1.7372823741645316,1.8635481981964437
US_MegaCap_PIT,XGBoost (real),101,1.7367379615520206,36.357720345695995,-5.900499480032028,2.2608615523261393,39.97228013135261,-7.307492019062662,0.7387747349998198,1.1394834011271775
US_MegaCap_PIT,LSTM (real),202,1.7285768609548318,45.04325652291614,-6.955241126976569,1.8543143358610532,48.17037996080315,-13.04857787782067,1.7372823741645316,1.8635481981964437
US_MegaCap_PIT,XGBoost (real),202,1.5982084085038593,33.22370963846566,-5.900499480032197,1.7654465407962687,33.71956443411,-10.942332702276463,0.614363721106827,0.7551254552829741
US_MegaCap_PIT,LSTM (real),303,1.7285768609548318,45.04325652291614,-6.955241126976569,1.8543143358610532,48.17037996080315,-13.04857787782067,1.7372823741645316,1.8635481981964437
US_MegaCap_PIT,XGBoost (real),303,1.6945229156241897,35.364692662314745,-6.042199155113863,1.8881728759928154,36.353014128438524,-10.942332702276504,0.6907237807099523,0.8891451689640443
US_MegaCap_PIT,LSTM (real),404,1.7285768609548318,45.04325652291614,-6.955241126976569,1.8543143358610532,48.17037996080315,-13.04857787782067,1.7372823741645316,1.8635481981964437
US_MegaCap_PIT,XGBoost (real),404,1.7171228744113423,36.6861506704236,-5.90049948003213,1.8920588354590837,36.375890484331876,-10.942332702276458,0.7405547310055937,0.8626398354461479
US_MegaCap_PIT,LSTM (real),505,1.7285768609548318,45.04325652291614,-6.955241126976569,1.8543143358610532,48.17037996080315,-13.04857787782067,1.7372823741645316,1.8635481981964437
US_MegaCap_PIT,XGBoost (real),505,1.6894244086249226,36.37546195126626,-6.042199155113883,2.190725331211554,40.34134041650399,-8.557242638230582,0.758624242933453,1.1234878347053707
US_MegaCap_PIT,LSTM (real),606,1.7285768609548318,45.04325652291614,-6.955241126976569,1.8543143358610532,48.17037996080315,-13.04857787782067,1.7372823741645316,1.8635481981964437
US_MegaCap_PIT,XGBoost (real),606,1.6308363996226682,33.776777499283895,-5.900499480032118,1.8924685946328414,36.6889658359957,-10.942332702276458,0.6376534490132584,0.8813466934245168
US_MegaCap_PIT,LSTM (real),707,1.7285768609548318,45.04325652291614,-6.955241126976569,1.8543143358610532,48.17037996080315,-13.04857787782067,1.7372823741645316,1.8635481981964437
US_MegaCap_PIT,XGBoost (real),707,1.6327746916070363,33.99510899128164,-6.0421991551138765,2.239239093133576,39.69981574293093,-7.307492019062709,0.676318859441423,1.1305301029990076
US_MegaCap_PIT,LSTM (real),808,1.7285768609548318,45.04325652291614,-6.955241126976569,1.8543143358610532,48.17037996080315,-13.04857787782067,1.7372823741645316,1.8635481981964437
US_MegaCap_PIT,XGBoost (real),808,1.536705802447033,31.794666860663234,-5.90049948003206,2.3118368803058886,41.59584443986659,-6.52523213550664,0.5762166320367975,1.221568027198971
US_MegaCap_PIT,LSTM (real),909,1.7285768609548318,45.04325652291614,-6.955241126976569,1.8543143358610532,48.17037996080315,-13.04857787782067,1.7372823741645316,1.8635481981964437
US_MegaCap_PIT,XGBoost (real),909,1.65639637140066,34.53259332804204,-6.042199155113924,2.3424994369323735,41.98756674583508,-7.307492019062655,0.6631478443531467,1.234891350730469
Global_Indices,LSTM (real),42,0.8845870168037653,21.617417120935922,-9.247840888396034,1.0795023980590306,29.34517738131095,-11.70119886584993,0.869341601332997,1.078903140771084
Global_Indices,XGBoost (real),42,0.6774221645316582,13.261293607965886,-10.01344824176033,1.1135475830555814,26.42255480050992,-11.03093984800221,-0.2237545211909929,0.27830702587574035
Global_Indices,LSTM (real),101,0.8845870168037653,21.617417120935922,-9.247840888396034,1.1249242093624767,30.73876445682613,-11.70119886584993,0.869341601332997,1.11954840782211
Global_Indices,XGBoost (real),101,0.6448707146895339,12.476170198337865,-10.013448241760486,1.014268672096135,23.401329897738087,-11.030939848002197,-0.2862074818794992,0.15549488307480583
Global_Indices,LSTM (real),202,0.8845870168037653,21.617417120935922,-9.247840888396034,1.0795023980590306,29.34517738131095,-11.70119886584993,0.869341601332997,1.078903140771084
Global_Indices,XGBoost (real),202,0.8042124910658957,16.45402060528063,-9.717648486344716,1.0743389090478794,25.317184444532835,-11.030939848002198,-0.09184124589139321,0.20932743094106565
Global_Indices,LSTM (real),303,0.8845870168037653,21.617417120935922,-9.247840888396034,1.1249242093624767,30.73876445682613,-11.70119886584993,0.869341601332997,1.11954840782211
Global_Indices,XGBoost (real),303,0.6791172776945393,13.205475020807,-10.013448241760454,1.0811877077003424,25.543632990968046,-11.030939848002198,-0.23672235167648517,0.23281275284731923
Global_Indices,LSTM (real),404,0.8845870168037653,21.617417120935922,-9.247840888396034,1.0795023980590306,29.34517738131095,-11.70119886584993,0.869341601332997,1.078903140771084
Global_Indices,XGBoost (real),404,0.8128614068390391,16.355922307738435,-10.013448241760477,1.0610157213726004,24.97564627361548,-11.030939848002198,-0.07252520088441168,0.219988301178875
Global_Indices,LSTM (real),505,0.786981926350205,18.6580079816663,-9.24784088839604,1.1185094510703755,30.234172715921215,-11.701198865849888,0.7291984382094568,1.0532032431645568
Global_Indices,XGBoost (real),505,0.7190343986304828,14.30813769138608,-9.717648486344851,1.1096479344525387,26.226025555757126,-11.030939848002198,-0.2099837121421977,0.2571849306911705
Global_Indices,LSTM (real),606,0.8845870168037653,21.617417120935922,-9.247840888396034,1.0795023980590306,29.34517738131095,-11.70119886584993,0.869341601332997,1.078903140771084
Global_Indices,XGBoost (real),606,0.712693981294174,14.317152338813521,-10.44666169394909,1.0990384202293775,25.853708659101613,-11.030939848002184,-0.18109441991150468,0.23695618450273534
Global_Indices,LSTM (real),707,0.8845870168037653,21.617417120935922,-9.247840888396034,1.0795023980590306,29.34517738131095,-11.70119886584993,0.869341601332997,1.078903140771084
Global_Indices,XGBoost (real),707,0.6309500854112438,12.160255586283085,-9.717648486344807,1.0498703667362848,24.627210508000164,-11.030939848002216,-0.2850284892257413,0.2079457381904395
Global_Indices,LSTM (real),808,0.8845870168037653,21.617417120935922,-9.247840888396034,1.1249242093624767,30.73876445682613,-11.70119886584993,0.869341601332997,1.11954840782211
Global_Indices,XGBoost (real),808,0.683686893706391,13.268086855084205,-9.71764848634478,1.1135635537866893,26.40415079792755,-11.030939848002198,-0.2454085675801249,0.24764556669335244
Global_Indices,LSTM (real),909,0.8845870168037653,21.617417120935922,-9.247840888396034,1.0795023980590306,29.34517738131095,-11.70119886584993,0.869341601332997,1.078903140771084
Global_Indices,XGBoost (real),909,0.7351002443686936,14.331849023408626,-10.446661693949244,1.152701629258895,27.5199727389418,-11.030939848002157,-0.19101534681060095,0.29537965535444377
India_Nifty_50,LSTM (real),42,-0.2366988136829849,-2.8819895343269675,-11.09744139878099,-0.4179092844801622,-4.783752237337868,-13.753548332886032,-0.25377175114244355,-0.4255869459237342
India_Nifty_50,XGBoost (real),42,0.31831489520947365,2.350277555346336,-7.666493523275847,-0.8488991601204672,-6.342500392137573,-11.162591916224846,-0.7108971500172819,-1.973325917545123
India_Nifty_50,LSTM (real),101,-0.2366988136829849,-2.8819895343269675,-11.09744139878099,-0.4179092844801622,-4.783752237337868,-13.753548332886032,-0.25377175114244355,-0.4255869459237342
India_Nifty_50,XGBoost (real),101,0.4205184046483688,3.2183201902493686,-8.148444033970717,-0.8288845542078869,-6.27610822684308,-11.099616629605759,-0.6923122273107094,-1.933131066219498
India_Nifty_50,LSTM (real),202,-0.2366988136829849,-2.8819895343269675,-11.09744139878099,-0.4179092844801622,-4.783752237337868,-13.753548332886032,-0.25377175114244355,-0.4255869459237342
India_Nifty_50,XGBoost (real),202,0.597514829757333,4.720020638117206,-7.318656133231456,0.1644254171022374,1.0087418601493647,-8.816275963998796,-0.38055272688617336,-0.8763003739627921
India_Nifty_50,LSTM (real),303,-0.2366988136829849,-2.8819895343269675,-11.09744139878099,-0.4179092844801622,-4.783752237337868,-13.753548332886032,-0.25377175114244355,-0.4255869459237342
India_Nifty_50,XGBoost (real),303,0.16131767953028064,0.9920939315292365,-6.303824405792153,-0.6016014761429378,-4.267136941874961,-8.479712321006918,-0.8447073340226126,-1.7158388378381926
India_Nifty_50,LSTM (real),404,-0.2366988136829849,-2.8819895343269675,-11.09744139878099,-0.4179092844801622,-4.783752237337868,-13.753548332886032,-0.25377175114244355,-0.4255869459237342
India_Nifty_50,XGBoost (real),404,0.23120656221250876,1.5805144378555624,-5.939162449901944,-0.27774036526448476,-2.342456990944597,-9.463652227732949,-0.8384783433498727,-1.4457354066704349
India_Nifty_50,LSTM (real),505,-0.2366988136829849,-2.8819895343269675,-11.09744139878099,-0.4179092844801622,-4.783752237337868,-13.753548332886032,-0.25377175114244355,-0.4255869459237342
India_Nifty_50,XGBoost (real),505,0.12939389266549173,0.7259509366530192,-6.5381422229275135,-0.40119756196801226,-3.0681057708003223,-7.487145352007321,-0.8552422135638968,-1.5109601908709833
India_Nifty_50,LSTM (real),606,-0.2366988136829849,-2.8819895343269675,-11.09744139878099,-0.4179092844801622,-4.783752237337868,-13.753548332886032,-0.25377175114244355,-0.4255869459237342
India_Nifty_50,XGBoost (real),606,0.6177246934947495,4.863265633657998,-7.374324751308093,0.15904157586678264,0.9488698662949879,-8.056168680489932,-0.354211451610509,-0.8443541083181518
India_Nifty_50,LSTM (real),707,-0.2366988136829849,-2.8819895343269675,-11.09744139878099,-0.4179092844801622,-4.783752237337868,-13.753548332886032,-0.25377175114244355,-0.4255869459237342
India_Nifty_50,XGBoost (real),707,0.08348567819723081,0.3436161376014768,-6.2670820247929155,-0.09668296093402579,-1.072275572897885,-8.837002030704936,-0.9900421777343706,-1.1427610116460427
India_Nifty_50,LSTM (real),808,-0.2366988136829849,-2.8819895343269675,-11.09744139878099,-0.4179092844801622,-4.783752237337868,-13.753548332886032,-0.25377175114244355,-0.4255869459237342
India_Nifty_50,XGBoost (real),808,0.28837113302806766,2.0647179591290143,-6.164699434607424,-0.08322591975347586,-0.9299247783350117,-9.270516570659892,-0.7818306561224061,-1.290528999460923
India_Nifty_50,LSTM (real),909,-0.2366988136829849,-2.8819895343269675,-11.09744139878099,-0.4179092844801622,-4.783752237337868,-13.753548332886032,-0.25377175114244355,-0.4255869459237342
India_Nifty_50,XGBoost (real),909,0.20860567505854985,1.3859062144949919,-6.30382440579216,-0.552848675783488,-4.038599953767297,-8.261231746742626,-0.7941746104152287,-1.5926342808920877
Forex_Commodities,LSTM (real),42,0.9901692923692308,8.733051951150017,-6.227982075838453,1.5535343942012645,19.613133028783224,-9.00069969818774,0.9037864503202477,1.4575737255189725
Forex_Commodities,XGBoost (real),42,0.6543608650635327,4.23108077700487,-4.236537764957609,1.0203699898604526,9.447626250372876,-7.940180601822483,-0.7489088923060864,0.10337932240206046
Forex_Commodities,LSTM (real),101,0.9901692923692308,8.733051951150017,-6.227982075838453,1.5535343942012645,19.613133028783224,-9.00069969818774,0.9037864503202477,1.4575737255189725
Forex_Commodities,XGBoost (real),101,0.7004963931419059,4.502243186544885,-3.9314692200675823,0.6600785950570955,5.731505610756038,-7.836967098024268,-0.7477361689326009,-0.2927647175923184
Forex_Commodities,LSTM (real),202,0.9901692923692308,8.733051951150017,-6.227982075838453,1.5535343942012645,19.613133028783224,-9.00069969818774,0.9037864503202477,1.4575737255189725
Forex_Commodities,XGBoost (real),202,0.913593859549526,6.167842230380316,-4.236537764957584,1.0024355649572196,8.432599948212328,-6.159104154279126,-0.445371651732333,-0.05907931415957868
Forex_Commodities,LSTM (real),303,0.9901692923692308,8.733051951150017,-6.227982075838453,1.5535343942012645,19.613133028783224,-9.00069969818774,0.9037864503202477,1.4575737255189725
Forex_Commodities,XGBoost (real),303,1.25795913963091,8.249840961919208,-3.7704025003691535,0.9539057371221026,8.347329325455322,-8.07474702020233,-0.2301750680633823,0.0562677405687914
Forex_Commodities,LSTM (real),404,0.9901692923692308,8.733051951150017,-6.227982075838453,1.5535343942012645,19.613133028783224,-9.00069969818774,0.9037864503202477,1.4575737255189725
Forex_Commodities,XGBoost (real),404,1.0332685220939033,6.784226277890859,-3.931469220067565,1.5401948761393214,13.388305007467904,-6.691329979748573,-0.4209790487287767,0.6052015757231984
Forex_Commodities,LSTM (real),505,0.9901692923692308,8.733051951150017,-6.227982075838453,1.5535343942012645,19.613133028783224,-9.00069969818774,0.9037864503202477,1.4575737255189725
Forex_Commodities,XGBoost (real),505,0.763975133962412,5.028322364599225,-4.236537764957559,1.4484762411460634,13.925564707837701,-6.793676355630815,-0.6106984639464681,0.45690700550194063
Forex_Commodities,LSTM (real),606,0.9901692923692308,8.733051951150017,-6.227982075838453,1.5535343942012645,19.613133028783224,-9.00069969818774,0.9037864503202477,1.4575737255189725
Forex_Commodities,XGBoost (real),606,1.3276999755791556,8.657873889878221,-3.7704025003693284,0.6885868069354054,5.963050049478413,-9.345543511853025,-0.1315483833930959,-0.32173498209157314
Forex_Commodities,LSTM (real),707,0.9901692923692308,8.733051951150017,-6.227982075838453,1.5535343942012645,19.613133028783224,-9.00069969818774,0.9037864503202477,1.4575737255189725
Forex_Commodities,XGBoost (real),707,0.9915913270906027,6.535077641815756,-3.4037909790615153,0.7717468332487795,6.742699402727292,-7.669778612840486,-0.45732570137190587,-0.2440914233839169
Forex_Commodities,LSTM (real),808,0.9901692923692308,8.733051951150017,-6.227982075838453,1.5535343942012645,19.613133028783224,-9.00069969818774,0.9037864503202477,1.4575737255189725
Forex_Commodities,XGBoost (real),808,0.7306005742606577,4.830366812211695,-4.358677898903317,0.8358208618609735,7.032212230350132,-7.736389006598881,-0.6223228477712461,-0.20631210585747614
Forex_Commodities,LSTM (real),909,0.9901692923692308,8.733051951150017,-6.227982075838453,1.5535343942012645,19.613133028783224,-9.00069969818774,0.9037864503202477,1.4575737255189725
Forex_Commodities,XGBoost (real),909,0.8497144837548943,5.509369344508097,-3.403790979061483,0.5015559099501646,4.154509586868893,-7.669778612840518,-0.6553947052845113,-0.45937450893158455
Crypto_PIT,LSTM (real),42,1.1751507853997756,66.88039116139808,-32.47690278342159,-1.0526311634918253,-43.4685825236197,-51.970359277349786,1.0825139674653197,-1.081507115997925
Crypto_PIT,XGBoost (real),42,1.6332761378222238,90.43177431979905,-20.52229282962932,-0.7269099132516587,-28.402828472811592,-36.86644706041451,1.2841268648229454,-1.1019978695004673
Crypto_PIT,LSTM (real),101,1.2296860102236544,68.39739465146994,-28.493314887051767,-1.1161386165898475,-44.84040675861597,-52.71381646060439,1.115035067510232,-1.163403407074061
Crypto_PIT,XGBoost (real),101,1.4164155200386999,71.6087083372589,-24.493125425620775,-0.3799628304619563,-16.886822081630893,-26.1639713933732,1.0524359604394138,-0.7754435766456512
Crypto_PIT,LSTM (real),202,1.096596742211157,60.0588784671831,-32.476902783421565,-1.0624959100197042,-43.66515834984123,-51.71048682250543,1.0037628515573969,-1.0817972361834352
Crypto_PIT,XGBoost (real),202,1.6180320225627793,92.29393162390261,-20.522292829629247,-0.8199713460756055,-30.97196280208756,-38.62138735455574,1.2854338777711203,-1.1908042749122207
Crypto_PIT,LSTM (real),303,1.1917301446970812,69.59647697285914,-32.47690278342144,-1.0641980363874808,-43.80670331686378,-52.257629983539964,1.1013131591568643,-1.0829324656995192
Crypto_PIT,XGBoost (real),303,1.4832626409052483,81.55896406678539,-22.01264958385719,-0.7518318762632945,-29.251614008524342,-37.61489627160892,1.150314632155428,-1.1230479370331148
Crypto_PIT,LSTM (real),404,1.1276728900209314,64.48450358013717,-33.48352247519031,-1.118100122517952,-45.25445911726666,-53.48765735684147,1.0584204743381918,-1.1225634308939896
Crypto_PIT,XGBoost (real),404,1.5735154365648218,89.42285920881888,-20.79568905295909,-0.817946964172735,-30.95258805687726,-38.604159644922795,1.2400977011319503,-1.1796624625664645
Crypto_PIT,LSTM (real),505,1.3389751769544123,74.99734612566415,-28.622548732313152,-1.080886276446802,-42.90098170686105,-49.1472587544438,1.1589134208063658,-1.1947678728083369
Crypto_PIT,XGBoost (real),505,1.4831888226002745,78.07561582087219,-22.200682963945063,-0.6981339280476109,-27.37464849743344,-35.42271373971378,1.1479886256877123,-1.069118019743624
Crypto_PIT,LSTM (real),606,1.0688993188742584,58.48273059292208,-32.47690278342147,-1.1076752553839035,-44.98223567146902,-53.25637367633927,0.9888897242772827,-1.1181841158973815
Crypto_PIT,XGBoost (real),606,1.3984192424988726,70.73475597533627,-23.676608943875056,-0.6842438872203233,-27.20496286062748,-35.330394297734586,1.0265120424376493,-1.0474630003892047
Crypto_PIT,LSTM (real),707,1.1276728900209314,64.48450358013717,-33.48352247519031,-1.1062958316811953,-44.95763739512852,-53.23547474212241,1.0584204743381918,-1.1108330436979605
Crypto_PIT,XGBoost (real),707,1.3730589844739618,69.23406283238891,-22.329895495436674,-0.8571359509155526,-32.05299827805804,-39.58262659051036,1.0256527480217237,-1.2136902447963802
Crypto_PIT,LSTM (real),808,1.1463557510511617,66.48884890869849,-31.30854394202251,-1.086871234186173,-44.47136752502949,-53.23547474212241,1.076570052128479,-1.0880301668829824
Crypto_PIT,XGBoost (real),808,1.6134102617194739,92.00011220832698,-23.786356293957482,-0.6958577907294105,-27.356248151053343,-35.406352449738684,1.2752326982403603,-1.0694895960069404
Crypto_PIT,LSTM (real),909,1.2392922224326939,75.27707679987547,-31.41755444981583,-1.086871234186173,-44.47136752502949,-53.23547474212241,1.181101710733591,-1.0880301668829824
Crypto_PIT,XGBoost (real),909,1.537153664428906,85.5892825511194,-23.814262273914963,-0.6300989275311657,-25.440303948199183,-34.03726516419393,1.2024973562463284,-0.9998680744719405
