n_axiom,n_base,mean_axiom,mean_base,sd_axiom,sd_base,diff,cohens_d,base_zero_variance,welch_t,welch_p,mwu_u,mwu_p,Universe,Window,Comparison,n_universes_welch_p_lt_05,sign_test_p,paired_ci95_lo,paired_ci95_hi,cluster_ols_beta,cluster_robust_se,naive_ols_se,cluster_ols_p_tG1,n_universes_axiom_ahead,base_is_deterministic_constant,test,unbalanced_no_seed_comparator
10,10,1.3446010840571165,1.113631234895167,0.17213247356219308,2.340555645717801e-16,0.23096984916194963,1.8976122658580097,False,4.243190021395914,0.0021640858815669952,90.0,0.0014209119801024872,US_ETFs,OOS,Axiom vs LSTM (real),,,,,,,,,,,,
10,10,1.8956493196795812,1.7372823741645316,0.40777158936046004,0.0,0.1583669455150496,0.5492405258793174,True,1.228139151863886,0.25054313725274086,70.0,0.11525821359745406,US_MegaCap_PIT,OOS,Axiom vs LSTM (real),,,,,,,,,,,,
10,10,1.0764711362221655,0.8553272850206429,0.2302564534295258,0.044317159397090404,0.22114385120152258,1.3337653235135463,False,2.982389929408288,0.014253298225928352,81.0,0.01564009435019098,Global_Indices,OOS,Axiom vs LSTM (real),,,,,,,,,,,,
10,10,0.03499995388922509,-0.25377175114244344,0.35787037321233794,5.851389114294502e-17,0.28877170503166855,1.1411530326459254,False,2.551695753726326,0.03110807673265037,80.0,0.017187093921295943,India_Nifty_50,OOS,Axiom vs LSTM (real),,,,,,,,,,,,
10,10,0.4030403909521749,0.9037864503202476,0.26453756558226355,0.0,-0.5007460593680727,-2.6769803634674845,True,-5.98591006714539,0.00020603153975493437,10.0,0.0014209119801024872,Forex_Commodities,OOS,Axiom vs LSTM (real),,,,,,,,,,,,
10,10,1.1450916028700031,1.0824940902311915,0.17025445328238198,0.06067308328687512,0.06259751263881164,0.4897924853873103,False,1.0952092921945982,0.29631870843795644,68.0,0.18571128044479945,Crypto_PIT,OOS,Axiom vs LSTM (real),,,,,,,,,,,,
60,60,0.9833089146117111,0.9064582805815564,0.6717190452905877,0.59915390455711,0.07685063403015469,0.1207448205308265,False,0.6613466190664659,0.5096960161618266,2053.0,0.1844815454897596,POOLED (60 vs 60),OOS,Axiom vs LSTM (real),4.0,,,,,,,,,,,
6,6,0.9833089146117112,0.9064582805815563,,,0.0768506340301549,0.2620737833610647,False,0.6419470441953088,0.5491769778956023,6.0,0.4375,CLUSTER-CORRECTED (n=6 universes),OOS,Axiom vs LSTM (real),,0.21875,-0.23088634471500546,0.3845876127753153,0.0768506340301546,0.12022110858542266,0.1162032613678956,0.5507966689720657,5.0,,,
10,10,1.3446010840571165,0.0005457543587256792,0.17213247356219308,0.06620084142230483,1.3440553296983908,10.306593964853498,False,23.046244721901502,4.722520603574255e-11,100.0,0.00018267179110955002,US_ETFs,OOS,Axiom vs XGBoost (real),,,,,,,,,,,,
10,10,1.8956493196795812,0.6860444183522543,0.40777158936046004,0.06436853517882,1.209604901327327,4.143783052476735,False,9.265780589349557,4.7808806277394305e-06,100.0,0.00018267179110955002,US_MegaCap_PIT,OOS,Axiom vs XGBoost (real),,,,,,,,,,,,
10,10,1.0764711362221655,-0.20235813371929515,0.2302564534295258,0.07231618254767602,1.2788292699414607,7.493562036727472,False,16.7561141077344,4.729886256405982e-09,100.0,0.00018267179110955002,Global_Indices,OOS,Axiom vs XGBoost (real),,,,,,,,,,,,
10,10,0.03499995388922509,-0.7242448891033062,0.35787037321233794,0.2054323817140953,0.7592448429925313,2.6020947318570116,False,5.818460704326367,4.038456737660985e-05,98.0,0.00032983852077799353,India_Nifty_50,OOS,Axiom vs XGBoost (real),,,,,,,,,,,,
10,10,0.4030403909521749,-0.5070460931530406,0.26453756558226355,0.20918058807036422,0.9100864841052155,3.8163435339260174,False,8.53360356735035,1.438509931845961e-07,100.0,0.00018267179110955002,Forex_Commodities,OOS,Axiom vs XGBoost (real),,,,,,,,,,,,
10,10,1.1450916028700031,1.1690292506954632,0.17025445328238198,0.105146683436147,-0.02393764782546004,-0.16917508374091755,False,-0.378286987343911,0.7105196598602402,49.0,0.9698499769931556,Crypto_PIT,OOS,Axiom vs XGBoost (real),,,,,,,,,,,,
60,60,0.9833089146117111,0.07032838457180021,0.6717190452905877,0.6802141514972405,0.9129805300399109,1.350602986052065,False,7.397557216945512,2.2115793495419838e-11,2970.0,8.341811356905732e-10,POOLED (60 vs 60),OOS,Axiom vs XGBoost (real),5.0,,,,,,,,,,,
6,6,0.9833089146117112,0.0703283845718002,,,0.9129805300399108,1.7842575125736098,False,4.370520475532885,0.007218535293759931,1.0,0.0625,CLUSTER-CORRECTED (n=6 universes),OOS,Axiom vs XGBoost (real),,0.21875,0.3759984520588986,1.449962608020923,0.9129805300399105,0.20977843146644137,0.12341648780337301,0.007344536437257275,5.0,,,
10,1,1.3446010840571165,0.9997955176194911,0.17213247356219308,,0.3448055664376254,2.003140716577478,False,6.33448713820664,0.0001353355939807016,0.0,0.001953125,US_ETFs,OOS,Axiom vs SPY B&H (fixed reference),,,,,,,,,,True,one-sample t of 10 Axiom seeds vs the SPY constant,
10,1,1.8956493196795812,0.9997955176194911,0.40777158936046004,,0.89585380206009,2.1969500216165807,False,6.9473659738645495,6.704168619817247e-05,0.0,0.001953125,US_MegaCap_PIT,OOS,Axiom vs SPY B&H (fixed reference),,,,,,,,,,True,one-sample t of 10 Axiom seeds vs the SPY constant,
10,1,1.0764711362221655,0.9997955176194911,0.2302564534295258,,0.07667561860267436,0.3330009537654169,False,1.0530414769071408,0.31977160359062795,15.0,0.232421875,Global_Indices,OOS,Axiom vs SPY B&H (fixed reference),,,,,,,,,,True,one-sample t of 10 Axiom seeds vs the SPY constant,
10,1,0.03499995388922509,0.8166114911132321,0.35787037321233794,,-0.781611537224007,-2.1840632690771735,False,-6.906614484197066,7.015032966965835e-05,0.0,0.001953125,India_Nifty_50,OOS,Axiom vs SPY B&H (fixed reference),,,,,,,,,,True,one-sample t of 10 Axiom seeds vs the SPY constant,
10,1,0.4030403909521749,0.8658355495225643,0.26453756558226355,,-0.46279515857038933,-1.7494496766527223,False,-5.532245630067699,0.00036467564864755273,1.0,0.00390625,Forex_Commodities,OOS,Axiom vs SPY B&H (fixed reference),,,,,,,,,,True,one-sample t of 10 Axiom seeds vs the SPY constant,
10,1,1.1450916028700031,0.7245931897305297,0.17025445328238198,,0.42049841313947345,2.469823285280178,False,7.810266999605184,2.6799903527156246e-05,0.0,0.001953125,Crypto_PIT,OOS,Axiom vs SPY B&H (fixed reference),,,,,,,,,,True,one-sample t of 10 Axiom seeds vs the SPY constant,
60,6,0.9833089146117111,0.9010711305374666,0.6717190452905877,0.11726802997130159,0.08223778407424454,0.12734666602688482,False,0.8302158352104857,0.4105339436215231,224.0,0.3318932709153547,POOLED (60 vs 6),OOS,Axiom vs SPY B&H (fixed reference),5.0,,,,,,,,,,,True
6,6,0.9833089146117112,0.9010711305374666,,,0.08223778407424447,0.133807186743184,False,0.3277593314381025,0.7563726984527506,9.0,0.84375,CLUSTER-CORRECTED (n=6 universes),OOS,Axiom vs SPY B&H (fixed reference),,0.6875,-0.5627444747578191,0.7272200429063079,0.0822377840742447,0.25286168396271796,0.27650598589017367,0.7581764240954473,4.0,True,,
6,6,0.9833089146117112,0.9233717564724852,,,0.0599371581392259,0.1004347071009157,False,0.2460137848631258,0.815451521880365,9.0,0.84375,CLUSTER-CORRECTED (n=6 universes),OOS,Axiom vs SPY B&H (fixed reference) [native NYSE],,0.6875,-0.5663422598132148,0.6862165760916668,0.05993715813922612,0.24552933989441653,0.2763442923468866,0.8168430882272971,4.0,True,,
10,10,1.431598142460271,1.6262509652849109,0.16303000276965646,2.340555645717801e-16,-0.1946528228246398,-1.688527616488814,False,-3.775662532354683,0.004378133628575742,10.0,0.0014209119801024872,US_ETFs,Holdout,Axiom vs LSTM (real),,,,,,,,,,,,
10,10,1.6879620799451172,1.863548198196444,0.21288316768841128,0.0,-0.17558611825132675,-1.1664438879400887,True,-2.608247825373185,0.02835210912269721,20.0,0.017187093921295943,US_MegaCap_PIT,Holdout,Axiom vs LSTM (real),,,,,,,,,,,,
10,10,0.9141531584418543,1.0885267311257392,0.1270423758675867,0.022828985047745148,-0.17437357268388487,-1.9104957331642798,False,-4.271998330078628,0.0017985996389499478,7.0,0.0011107353937069965,Global_Indices,Holdout,Axiom vs LSTM (real),,,,,,,,,,,,
10,10,-0.46240139062060803,-0.4255869459237342,0.4094879909317745,0.0,-0.03681444469687384,-0.12714289096265005,True,-0.28430014704832923,0.7826131048309112,50.0,1.0,India_Nifty_50,Holdout,Axiom vs LSTM (real),,,,,,,,,,,,
10,10,1.3400338779501724,1.4575737255189725,0.3387323316100878,0.0,-0.1175398475688001,-0.4907309726265084,True,-1.0973078134574612,0.30099633660326197,30.0,0.11525821359745406,Forex_Commodities,Holdout,Axiom vs LSTM (real),,,,,,,,,,,,
10,10,-1.1748042812503559,-1.1132049022018573,0.17752377521890708,0.038680392032544,-0.06159937904849855,-0.479471601728221,False,-1.0721310947450078,0.3092192753879506,43.0,0.6230455308379078,Crypto_PIT,Holdout,Axiom vs LSTM (real),,,,,,,,,,,,
60,60,0.6227569311544083,0.7495179620000791,1.1015285395846046,1.125845644597555,-0.1267610308456708,-0.1138142644732987,False,-0.6233864001788453,0.5342343090408146,1560.0,0.20818223522427237,POOLED (60 vs 60),Holdout,Axiom vs LSTM (real),3.0,,,,,,,,,,,
6,6,0.6227569311544084,0.749517962000079,,,-0.12676103084567067,-1.9249751119849754,False,-4.715206791920097,0.0052650899770281005,0.0,0.03125,CLUSTER-CORRECTED (n=6 universes),Holdout,Axiom vs LSTM (real),,0.03125,-0.19586714172012615,-0.057654919971215204,-0.12676103084567053,0.026997123625618548,0.203342631166326,0.005359345854041153,0.0,,,
10,10,1.431598142460271,0.38062114508394135,0.16303000276965646,0.31537500846018496,1.0509769973763297,4.186525155554063,False,9.361354837331765,2.85135307372832e-07,100.0,0.00018267179110955002,US_ETFs,Holdout,Axiom vs XGBoost (real),,,,,,,,,,,,
10,10,1.6879620799451172,1.0074506825882703,0.21288316768841128,0.17871586605617074,0.6805113973568468,3.4623978802424356,False,7.7421570253732614,4.7380417578317976e-07,98.0,0.00032983852077799353,US_MegaCap_PIT,Holdout,Axiom vs XGBoost (real),,,,,,,,,,,,
10,10,0.9141531584418543,0.2341042469349947,0.1270423758675867,0.039596995330739515,0.6800489115068595,7.227269099420337,False,16.16066499798756,7.100717577523376e-09,100.0,0.00018267179110955002,Global_Indices,Holdout,Axiom vs XGBoost (real),,,,,,,,,,,,
10,10,-0.46240139062060803,-1.4325570193424226,0.4094879909317745,0.3964785587307221,0.9701556287218146,2.407120417708433,False,5.382484884023744,4.102507337439654e-05,96.0,0.0005828399431792743,India_Nifty_50,Holdout,Axiom vs XGBoost (real),,,,,,,,,,,,
10,10,1.3400338779501724,-0.03616014078204569,0.3387323316100878,0.3466820405932107,1.3761940187322181,4.015385492657391,False,8.978674917448407,4.583068071722824e-08,100.0,0.00018267179110955002,Forex_Commodities,Holdout,Axiom vs XGBoost (real),,,,,,,,,,,,
10,10,-1.1748042812503559,-1.0770585056066009,0.17752377521890708,0.12596166326631636,-0.09774577564375497,-0.635054123042595,False,-1.420024188514758,0.17452500786000022,39.0,0.4273553138978077,Crypto_PIT,Holdout,Axiom vs XGBoost (real),,,,,,,,,,,,
60,60,0.6227569311544083,-0.1539332651873105,1.1015285395846046,0.8896428972501694,0.7766901963417188,0.7757541140175276,False,4.248980273248345,4.434249341641813e-05,2645.0,9.315730130345484e-06,POOLED (60 vs 60),Holdout,Axiom vs XGBoost (real),5.0,,,,,,,,,,,
6,6,0.6227569311544084,-0.15393326518731046,,,0.7766901963417189,1.5501006720739392,False,3.7969556965264246,0.012667878411327325,1.0,0.0625,CLUSTER-CORRECTED (n=6 universes),Holdout,Axiom vs XGBoost (real),,0.21875,0.2508621724700343,1.3025182202134036,0.7766901963417192,0.20542096764875678,0.1827944933592121,0.012877093123720191,5.0,,,
10,1,1.431598142460271,1.1430749060304737,0.16303000276965646,,0.2885232364297974,1.7697554531569817,False,5.596458133479491,0.00033579206113215317,0.0,0.001953125,US_ETFs,Holdout,Axiom vs SPY B&H (fixed reference),,,,,,,,,,True,one-sample t of 10 Axiom seeds vs the SPY constant,
10,1,1.6879620799451172,1.1430749060304737,0.21288316768841128,,0.5448871739146435,2.559559686335433,False,8.094038415966125,2.015929249148652e-05,0.0,0.001953125,US_MegaCap_PIT,Holdout,Axiom vs SPY B&H (fixed reference),,,,,,,,,,True,one-sample t of 10 Axiom seeds vs the SPY constant,
10,1,0.9141531584418543,1.1430749060304737,0.1270423758675867,,-0.22892174758861938,-1.8019321980188658,False,-5.698209934933162,0.0002949764458309156,0.0,0.001953125,Global_Indices,Holdout,Axiom vs SPY B&H (fixed reference),,,,,,,,,,True,one-sample t of 10 Axiom seeds vs the SPY constant,
10,1,-0.46240139062060803,1.5027170854594891,0.4094879909317745,,-1.965118476080097,-4.798964852689682,False,-15.175659345593818,1.0195674915018584e-07,0.0,0.001953125,India_Nifty_50,Holdout,Axiom vs SPY B&H (fixed reference),,,,,,,,,,True,one-sample t of 10 Axiom seeds vs the SPY constant,
10,1,1.3400338779501724,1.6144943731263002,0.3387323316100878,,-0.2744604951761278,-0.8102577450210959,False,-2.5622599660586185,0.030573560172531416,7.0,0.037109375,Forex_Commodities,Holdout,Axiom vs SPY B&H (fixed reference),,,,,,,,,,True,one-sample t of 10 Axiom seeds vs the SPY constant,
10,1,-1.1748042812503559,1.3163820048065005,0.17752377521890708,,-2.4911862860568563,-14.032972670758827,False,-44.37615598249404,7.488970503553188e-12,0.0,0.001953125,Crypto_PIT,Holdout,Axiom vs SPY B&H (fixed reference),,,,,,,,,,True,one-sample t of 10 Axiom seeds vs the SPY constant,
60,6,0.6227569311544083,1.3104696969139518,1.1015285395846046,0.20663400764539627,-0.6877127657595434,-0.6492750443218311,False,-4.159255575675932,0.00014628754919237107,130.0,0.26953113406447593,POOLED (60 vs 6),Holdout,Axiom vs SPY B&H (fixed reference),6.0,,,,,,,,,,,True
6,6,0.6227569311544084,1.3104696969139518,,,-0.6877127657595432,-0.5528163340610036,False,-1.3541179399254273,0.23368117845122355,7.0,0.5625,CLUSTER-CORRECTED (n=6 universes),Holdout,Axiom vs SPY B&H (fixed reference),,0.6875,-1.9932282542361597,0.6178027227170733,-0.6877127657595424,0.5118200389781046,0.45352276618636705,0.236810216590003,2.0,True,,
6,6,0.6227569311544084,1.3627355860861554,,,-0.7399786549317469,-0.5550468322572648,False,-1.3595815223784653,0.23206166224854005,7.0,0.5625,CLUSTER-CORRECTED (n=6 universes),Holdout,Axiom vs SPY B&H (fixed reference) [native NYSE],,0.6875,-2.1390677553767548,0.659110445513261,-0.739978654931746,0.5485050497249833,0.4537711560738555,0.23518307979314063,2.0,True,,
