Universe,Window,Arm,Arm label,Asset 0,Sharpe (zero-cost),Sharpe (Axiom cost model),Return % (Axiom cost model),MaxDD % (Axiom cost model),Trades,Identical to Asset-0 B&H,Note,SPY in universe,Calendar padded days,Window days,Sharpe (native NYSE calendar),Native NYSE days
US_ETFs,OOS,SPY B&H (fixed reference),SPY B&H (fixed reference),EEM,0.9997955176194911,0.9997955176194911,33.590515315241355,-16.32788400399041,0,False,"fixed reference, in-universe constituent; no trading after free entry",True,0.0,502.0,0.9997955176194911,502.0
US_ETFs,OOS,Asset-0 B&H (in-universe),"Asset-0 B&H (in-universe, EEM)",EEM,0.38892852177431314,0.38892852177431314,10.72891127749136,-16.592921539499002,0,True,no trading after free entry,,,,,
US_ETFs,OOS,EW (1/N),EW (1/N),EEM,0.7435289962963333,0.7435289962963333,15.75646684557659,-11.809845907244847,0,False,no trading after free entry,,,,,
US_ETFs,OOS,60/40,60/40,EEM,0.16726508485776218,0.16726508485776218,2.7111633112880673,-17.59300334549707,0,False,no trading after free entry,,,,,
US_ETFs,OOS,Risk Parity,Risk Parity,EEM,0.8008874431032473,0.7948786863008842,14.71605618996712,-11.809845907244847,21,False,monthly inverse-vol,,,,,
US_ETFs,OOS,SMA 50/200,SMA 50/200,EEM,0.15733763298164877,0.15292252397640405,2.3502997248341373,-16.592921539498985,2,False,"asset 0, NO warm-up (as published): first 200 in-window days have no signal",,,,,
US_ETFs,OOS,SMA 50/200 (warm-up),SMA 50/200 (warm-up),EEM,-0.039356705956098935,-0.048135322510486425,-2.5622356204328955,-15.845803693475865,3,False,"asset 0, 200 pre-window warm-up days -> 501/501 in-window days with a live signal (0 default)",,,,,
US_ETFs,OOS,[v6] Fast,[v6] Fast,EEM,0.8316440771577522,0.811470406794816,30.528408369834704,-16.13137240844981,-1,False,"FastTradingNet, 1 checkpoint",,,,,
US_ETFs,Holdout,SPY B&H (fixed reference),SPY B&H (fixed reference),EEM,1.1430749060304737,1.1430749060304737,42.026344176316165,-18.75522626062269,0,False,"fixed reference, in-universe constituent; no trading after free entry",True,0.0,503.0,1.1430749060304737,503.0
US_ETFs,Holdout,Asset-0 B&H (in-universe),"Asset-0 B&H (in-universe, EEM)",EEM,1.1778746775736686,1.1778746775736686,59.42540274822661,-17.292431919723704,0,True,no trading after free entry,,,,,
US_ETFs,Holdout,EW (1/N),EW (1/N),EEM,1.577337301196174,1.577337301196174,37.78335512131194,-11.471913259323179,0,False,no trading after free entry,,,,,
US_ETFs,Holdout,60/40,60/40,EEM,0.9788426429332248,0.9788426429332248,32.840060065090036,-13.30660800899898,0,False,no trading after free entry,,,,,
US_ETFs,Holdout,Risk Parity,Risk Parity,EEM,1.5128502197427318,1.4999706706789642,24.70449104671055,-8.713374906627438,21,False,monthly inverse-vol,,,,,
US_ETFs,Holdout,SMA 50/200,SMA 50/200,EEM,1.1778746775736704,1.1778746775736704,59.425402748226745,-17.292431919723704,0,True,"asset 0, NO warm-up (as published): first 200 in-window days have no signal",,,,,
US_ETFs,Holdout,SMA 50/200 (warm-up),SMA 50/200 (warm-up),EEM,1.064049644640363,1.060872907570619,51.31711655705122,-21.498892249198814,2,False,"asset 0, 200 pre-window warm-up days -> 502/502 in-window days with a live signal (0 default)",,,,,
US_ETFs,Holdout,[v6] Fast,[v6] Fast,EEM,1.1572930468693283,1.1331400076684044,43.684822941374854,-24.285164806424728,-1,False,"FastTradingNet, 1 checkpoint",,,,,
US_MegaCap_PIT,OOS,SPY B&H (fixed reference),SPY B&H (fixed reference),AAPL,0.9997955176194911,0.9997955176194911,33.590515315241355,-16.32788400399041,0,False,"fixed reference, OUT-OF-UNIVERSE reference; no trading after free entry",False,0.0,502.0,0.9997955176194911,502.0
US_MegaCap_PIT,OOS,Asset-0 B&H (in-universe),"Asset-0 B&H (in-universe, AAPL)",AAPL,0.6392137111655097,0.6392137111655097,30.168927283496917,-28.257004798712014,0,True,no trading after free entry,,,,,
US_MegaCap_PIT,OOS,EW (1/N),EW (1/N),AAPL,1.489379321703251,1.489379321703251,52.14927653258496,-14.343880865655438,0,False,no trading after free entry,,,,,
US_MegaCap_PIT,OOS,60/40,60/40,AAPL,0.5255300282027724,0.5255300282027724,18.284421345498746,-16.209308674389266,0,False,no trading after free entry,,,,,
US_MegaCap_PIT,OOS,Risk Parity,Risk Parity,AAPL,1.3082181059637399,1.3025968022105934,40.65782992253941,-14.343880865655438,21,False,monthly inverse-vol,,,,,
US_MegaCap_PIT,OOS,SMA 50/200,SMA 50/200,AAPL,0.2213865999884719,0.2184555783846197,4.82283948607527,-28.25700479871205,2,False,"asset 0, NO warm-up (as published): first 200 in-window days have no signal",,,,,
US_MegaCap_PIT,OOS,SMA 50/200 (warm-up),SMA 50/200 (warm-up),AAPL,0.30613670427769185,0.2953013996991179,7.147882315850773,-15.54267546496473,5,False,"asset 0, 200 pre-window warm-up days -> 501/501 in-window days with a live signal (0 default)",,,,,
US_MegaCap_PIT,OOS,[v6] Fast,[v6] Fast,AAPL,1.2474547922777208,1.2173840872290465,56.337519191239394,-15.928115955672006,-1,False,"FastTradingNet, 1 checkpoint",,,,,
US_MegaCap_PIT,Holdout,SPY B&H (fixed reference),SPY B&H (fixed reference),AAPL,1.1430749060304737,1.1430749060304737,42.026344176316165,-18.75522626062269,0,False,"fixed reference, OUT-OF-UNIVERSE reference; no trading after free entry",False,0.0,503.0,1.1430749060304737,503.0
US_MegaCap_PIT,Holdout,Asset-0 B&H (in-universe),"Asset-0 B&H (in-universe, AAPL)",AAPL,0.7475856182917948,0.7475856182917948,41.33170463824156,-33.36053152840644,0,True,no trading after free entry,,,,,
US_MegaCap_PIT,Holdout,EW (1/N),EW (1/N),AAPL,1.7068888349185245,1.7068888349185245,59.52421206691194,-16.781418579031033,0,False,no trading after free entry,,,,,
US_MegaCap_PIT,Holdout,60/40,60/40,AAPL,1.0113324658560254,1.0113324658560254,46.20194710532848,-23.399995985747353,0,False,no trading after free entry,,,,,
US_MegaCap_PIT,Holdout,Risk Parity,Risk Parity,AAPL,1.767124677495663,1.7611430005090836,56.83484562388457,-15.443087441471858,21,False,monthly inverse-vol,,,,,
US_MegaCap_PIT,Holdout,SMA 50/200,SMA 50/200,AAPL,0.4850086163664304,0.48244524708174963,20.795644239477774,-33.36053152840643,2,False,"asset 0, NO warm-up (as published): first 200 in-window days have no signal",,,,,
US_MegaCap_PIT,Holdout,SMA 50/200 (warm-up),SMA 50/200 (warm-up),AAPL,0.28578708366339833,0.2827439842125263,7.932509961976475,-29.915702159055265,2,False,"asset 0, 200 pre-window warm-up days -> 502/502 in-window days with a live signal (0 default)",,,,,
US_MegaCap_PIT,Holdout,[v6] Fast,[v6] Fast,AAPL,1.3599060470265332,1.3382544153192402,80.84352612574443,-26.391868885837628,-1,False,"FastTradingNet, 1 checkpoint",,,,,
Global_Indices,OOS,SPY B&H (fixed reference),SPY B&H (fixed reference),EEM,0.9997955176194911,0.9997955176194911,33.590515315241355,-16.32788400399041,0,False,"fixed reference, in-universe constituent; no trading after free entry",True,0.0,502.0,0.9997955176194911,502.0
Global_Indices,OOS,Asset-0 B&H (in-universe),"Asset-0 B&H (in-universe, EEM)",EEM,0.38892852177431314,0.38892852177431314,10.72891127749136,-16.592921539499002,0,True,no trading after free entry,,,,,
Global_Indices,OOS,EW (1/N),EW (1/N),EEM,0.630530222350472,0.630530222350472,18.343801514930558,-14.0925487710145,0,False,no trading after free entry,,,,,
Global_Indices,OOS,60/40,60/40,EEM,0.6038357180799421,0.6038357180799421,17.583765652196703,-15.499315213302541,0,False,no trading after free entry,,,,,
Global_Indices,OOS,Risk Parity,Risk Parity,EEM,0.7272782230505707,0.7233098831615762,20.87743985865098,-14.0925487710145,21,False,monthly inverse-vol,,,,,
Global_Indices,OOS,SMA 50/200,SMA 50/200,EEM,0.15733763298164877,0.15292252397640405,2.3502997248341373,-16.592921539498985,2,False,"asset 0, NO warm-up (as published): first 200 in-window days have no signal",,,,,
Global_Indices,OOS,SMA 50/200 (warm-up),SMA 50/200 (warm-up),EEM,-0.039356705956098935,-0.048135322510486425,-2.5622356204328955,-15.845803693475865,3,False,"asset 0, 200 pre-window warm-up days -> 501/501 in-window days with a live signal (0 default)",,,,,
Global_Indices,OOS,[v6] Fast,[v6] Fast,EEM,1.3703227287288737,1.3162977413134125,39.78500346034997,-9.812899499417618,-1,False,"FastTradingNet, 1 checkpoint",,,,,
Global_Indices,Holdout,SPY B&H (fixed reference),SPY B&H (fixed reference),EEM,1.1430749060304737,1.1430749060304737,42.026344176316165,-18.75522626062269,0,False,"fixed reference, in-universe constituent; no trading after free entry",True,0.0,503.0,1.1430749060304737,503.0
Global_Indices,Holdout,Asset-0 B&H (in-universe),"Asset-0 B&H (in-universe, EEM)",EEM,1.1778746775736686,1.1778746775736686,59.42540274822661,-17.292431919723704,0,True,no trading after free entry,,,,,
Global_Indices,Holdout,EW (1/N),EW (1/N),EEM,1.0441729297073614,1.0441729297073614,37.20425308744171,-15.11598773115532,0,False,no trading after free entry,,,,,
Global_Indices,Holdout,60/40,60/40,EEM,1.217394884332978,1.217394884332978,52.82797863256938,-14.657931726042758,0,False,no trading after free entry,,,,,
Global_Indices,Holdout,Risk Parity,Risk Parity,EEM,1.0495830778391209,1.045335497363396,35.143939752550835,-13.851699905934927,20,False,monthly inverse-vol,,,,,
Global_Indices,Holdout,SMA 50/200,SMA 50/200,EEM,1.1778746775736704,1.1778746775736704,59.425402748226745,-17.292431919723704,0,True,"asset 0, NO warm-up (as published): first 200 in-window days have no signal",,,,,
Global_Indices,Holdout,SMA 50/200 (warm-up),SMA 50/200 (warm-up),EEM,1.064049644640363,1.060872907570619,51.31711655705122,-21.498892249198814,2,False,"asset 0, 200 pre-window warm-up days -> 502/502 in-window days with a live signal (0 default)",,,,,
Global_Indices,Holdout,[v6] Fast,[v6] Fast,EEM,0.9296636069871644,0.8982046528432385,32.0203429060546,-12.955670886546795,-1,False,"FastTradingNet, 1 checkpoint",,,,,
India_Nifty_50,OOS,SPY B&H (fixed reference),SPY B&H (fixed reference),AXISBANK.NS,0.8166114911132321,0.8166114911132321,14.742751993147586,-18.755226260622678,0,False,"fixed reference, OUT-OF-UNIVERSE reference; no trading after free entry",False,10.0,248.0,0.8076853957090978,248.0
India_Nifty_50,OOS,Asset-0 B&H (in-universe),"Asset-0 B&H (in-universe, AXISBANK.NS)",AXISBANK.NS,-0.25334776449716384,-0.25334776449716384,-7.731177774086284,-25.761492516908064,0,True,no trading after free entry,,,,,
India_Nifty_50,OOS,EW (1/N),EW (1/N),AXISBANK.NS,0.07560666243431892,0.07560666243431892,0.12086809762623663,-14.03252534909855,0,False,no trading after free entry,,,,,
India_Nifty_50,OOS,60/40,60/40,AXISBANK.NS,0.4676761109184773,0.4676761109184773,6.7909447176181414,-18.988414111283177,0,False,no trading after free entry,,,,,
India_Nifty_50,OOS,Risk Parity,Risk Parity,AXISBANK.NS,0.13418497011624084,0.1265824710864678,0.7892272694771885,-13.38351031667124,8,False,monthly inverse-vol,,,,,
India_Nifty_50,OOS,SMA 50/200,SMA 50/200,AXISBANK.NS,-0.25334776449716334,-0.25334776449716334,-7.731177774086262,-25.761492516908064,0,True,"asset 0, NO warm-up (as published): first 200 in-window days have no signal",,,,,
India_Nifty_50,OOS,SMA 50/200 (warm-up),SMA 50/200 (warm-up),AXISBANK.NS,-0.7372495446712235,-0.7461885969057083,-11.871900150313309,-20.79871447725927,2,False,"asset 0, 200 pre-window warm-up days -> 247/247 in-window days with a live signal (0 default)",,,,,
India_Nifty_50,OOS,[v6] Fast,[v6] Fast,AXISBANK.NS,1.0378088417760454,0.9946750531074889,13.885166969495554,-9.983415552008367,-1,False,"FastTradingNet, 1 checkpoint",,,,,
India_Nifty_50,Holdout,SPY B&H (fixed reference),SPY B&H (fixed reference),AXISBANK.NS,1.5027170854594891,1.5027170854594891,20.497338884758708,-8.884968175523742,0,False,"fixed reference, OUT-OF-UNIVERSE reference; no trading after free entry",False,8.0,248.0,1.542790961715786,249.0
India_Nifty_50,Holdout,Asset-0 B&H (in-universe),"Asset-0 B&H (in-universe, AXISBANK.NS)",AXISBANK.NS,0.7285386460319045,0.7285386460319045,15.412502686500162,-17.2273649423193,0,True,no trading after free entry,,,,,
India_Nifty_50,Holdout,EW (1/N),EW (1/N),AXISBANK.NS,-0.2911994211293916,-0.2911994211293916,-4.6786286145173435,-16.688682547630687,0,False,no trading after free entry,,,,,
India_Nifty_50,Holdout,60/40,60/40,AXISBANK.NS,0.6066383257266157,0.6066383257266157,9.51417167141322,-14.34652875891097,0,False,no trading after free entry,,,,,
India_Nifty_50,Holdout,Risk Parity,Risk Parity,AXISBANK.NS,-0.4478159297882019,-0.45329399549401556,-6.571931492239069,-16.82190080570125,9,False,monthly inverse-vol,,,,,
India_Nifty_50,Holdout,SMA 50/200,SMA 50/200,AXISBANK.NS,0.728538646031904,0.728538646031904,15.41250268650014,-17.227364942319298,0,True,"asset 0, NO warm-up (as published): first 200 in-window days have no signal",,,,,
India_Nifty_50,Holdout,SMA 50/200 (warm-up),SMA 50/200 (warm-up),AXISBANK.NS,0.295562180743263,0.28936582486560614,4.007714601459278,-17.22736494231931,2,False,"asset 0, 200 pre-window warm-up days -> 247/247 in-window days with a live signal (0 default)",,,,,
India_Nifty_50,Holdout,[v6] Fast,[v6] Fast,AXISBANK.NS,0.30483962331798165,0.29126513993116876,3.5181556353974575,-15.440930676204543,-1,False,"FastTradingNet, 1 checkpoint",,,,,
Forex_Commodities,OOS,SPY B&H (fixed reference),SPY B&H (fixed reference),AUDUSD=X,0.8658355495225643,0.8658355495225643,15.943957829813549,-18.755226260622678,0,False,"fixed reference, OUT-OF-UNIVERSE reference; no trading after free entry",False,2.0,251.0,0.8566537554983599,250.0
Forex_Commodities,OOS,Asset-0 B&H (in-universe),"Asset-0 B&H (in-universe, AUDUSD=X)",AUDUSD=X,-0.28192877981478986,-0.28192877981478986,-3.5710369783349405,-13.925844167356786,0,True,no trading after free entry,,,,,
Forex_Commodities,OOS,EW (1/N),EW (1/N),AUDUSD=X,0.6547253837390272,0.6547253837390272,8.250365437916196,-8.458742101989921,0,False,no trading after free entry,,,,,
Forex_Commodities,OOS,60/40,60/40,AUDUSD=X,-0.5355442463302182,-0.5355442463302182,-8.458128560234767,-16.303346365925776,0,False,no trading after free entry,,,,,
Forex_Commodities,OOS,Risk Parity,Risk Parity,AUDUSD=X,1.1739997460715619,1.1624030256524587,8.85627939574194,-4.236468106341501,9,False,monthly inverse-vol,,,,,
Forex_Commodities,OOS,SMA 50/200,SMA 50/200,AUDUSD=X,-0.3027441592641406,-0.3158846941779709,-3.89218208243286,-13.92584416735683,2,False,"asset 0, NO warm-up (as published): first 200 in-window days have no signal",,,,,
Forex_Commodities,OOS,SMA 50/200 (warm-up),SMA 50/200 (warm-up),AUDUSD=X,-0.9238485106259445,-0.9486115544154983,-5.524609349320963,-8.960321471782805,2,False,"asset 0, 200 pre-window warm-up days -> 250/250 in-window days with a live signal (0 default)",,,,,
Forex_Commodities,OOS,[v6] Fast,[v6] Fast,AUDUSD=X,0.37792684970401813,0.3486890331411643,2.116194364417523,-7.338794968366079,-1,False,"FastTradingNet, 1 checkpoint",,,,,
Forex_Commodities,Holdout,SPY B&H (fixed reference),SPY B&H (fixed reference),AUDUSD=X,1.6144943731263002,1.6144943731263002,21.85696031061617,-8.884968175523738,0,False,"fixed reference, OUT-OF-UNIVERSE reference; no trading after free entry",False,0.0,251.0,1.6144943731263002,251.0
Forex_Commodities,Holdout,Asset-0 B&H (in-universe),"Asset-0 B&H (in-universe, AUDUSD=X)",AUDUSD=X,1.142907185442207,1.142907185442207,9.712495656347064,-5.1357770228858834,0,True,no trading after free entry,,,,,
Forex_Commodities,Holdout,EW (1/N),EW (1/N),AUDUSD=X,1.0143096068708282,1.0143096068708282,21.10008833771422,-22.161124203656428,0,False,no trading after free entry,,,,,
Forex_Commodities,Holdout,60/40,60/40,AUDUSD=X,0.8720456126906869,0.8720456126906869,20.14169013179774,-20.798462660355536,0,False,no trading after free entry,,,,,
Forex_Commodities,Holdout,Risk Parity,Risk Parity,AUDUSD=X,2.630884521241648,2.6141586505669636,19.54536502927602,-2.3759723057507616,9,False,monthly inverse-vol,,,,,
Forex_Commodities,Holdout,SMA 50/200,SMA 50/200,AUDUSD=X,1.1429071854422046,1.1429071854422046,9.712495656347064,-5.13577702288582,0,True,"asset 0, NO warm-up (as published): first 200 in-window days have no signal",,,,,
Forex_Commodities,Holdout,SMA 50/200 (warm-up),SMA 50/200 (warm-up),AUDUSD=X,1.1429071854422046,1.1429071854422046,9.712495656347064,-5.13577702288582,0,True,"asset 0, 200 pre-window warm-up days -> 250/250 in-window days with a live signal (0 default)",,,,,
Forex_Commodities,Holdout,[v6] Fast,[v6] Fast,AUDUSD=X,0.38943510512945073,0.35759002694075925,2.0484140709344345,-5.627183049816445,-1,False,"FastTradingNet, 1 checkpoint",,,,,
Crypto_PIT,OOS,SPY B&H (fixed reference),SPY B&H (fixed reference),BCH-USD,0.7245931897305297,0.7245931897305297,16.38683444876563,-18.75522626062269,0,False,"fixed reference, OUT-OF-UNIVERSE reference; no trading after free entry",False,115.0,365.0,0.8765048347689797,250.0
Crypto_PIT,OOS,Asset-0 B&H (in-universe),"Asset-0 B&H (in-universe, BCH-USD)",BCH-USD,0.8828879749216604,0.8828879749216604,68.37444721507599,-56.850580204978684,0,True,no trading after free entry,,,,,
Crypto_PIT,OOS,EW (1/N),EW (1/N),BCH-USD,1.2416161773546244,1.2416161773546244,109.08980326053847,-45.16142716704407,0,False,no trading after free entry,,,,,
Crypto_PIT,OOS,60/40,60/40,BCH-USD,0.9204039181395788,0.9204039181395788,61.57410579530185,-46.693729388576344,0,False,no trading after free entry,,,,,
Crypto_PIT,OOS,Risk Parity,Risk Parity,BCH-USD,1.5171086565738117,1.5144472249909675,142.6968111574455,-42.72174300961649,15,False,monthly inverse-vol,,,,,
Crypto_PIT,OOS,SMA 50/200,SMA 50/200,BCH-USD,0.8353985887704569,0.833652221590913,56.21051251257916,-53.218299246923216,2,False,"asset 0, NO warm-up (as published): first 200 in-window days have no signal",,,,,
Crypto_PIT,OOS,SMA 50/200 (warm-up),SMA 50/200 (warm-up),BCH-USD,-0.1319320876276725,-0.13572819219312754,-16.76313573969018,-49.68233397990951,3,False,"asset 0, 200 pre-window warm-up days -> 364/364 in-window days with a live signal (0 default)",,,,,
Crypto_PIT,OOS,[v6] Fast,[v6] Fast,BCH-USD,0.4545589243822177,0.45146283849673297,5.686370575179955,-64.11397501508321,-1,False,"FastTradingNet, 1 checkpoint",,,,,
Crypto_PIT,Holdout,SPY B&H (fixed reference),SPY B&H (fixed reference),BCH-USD,1.3163820048065005,1.3163820048065005,21.533176520425947,-8.884968175523731,0,False,"fixed reference, OUT-OF-UNIVERSE reference; no trading after free entry",False,114.0,366.0,1.5899034635834248,252.0
Crypto_PIT,Holdout,Asset-0 B&H (in-universe),"Asset-0 B&H (in-universe, BCH-USD)",BCH-USD,-0.888901423022338,-0.888901423022338,-61.06627207548141,-70.97287619933262,0,True,no trading after free entry,,,,,
Crypto_PIT,Holdout,EW (1/N),EW (1/N),BCH-USD,-1.0132931415206512,-1.0132931415206512,-50.58513431844971,-61.026789193590666,0,False,no trading after free entry,,,,,
Crypto_PIT,Holdout,60/40,60/40,BCH-USD,-0.7151008965631974,-0.7151008965631974,-46.212481684004814,-62.58668204826876,0,False,no trading after free entry,,,,,
Crypto_PIT,Holdout,Risk Parity,Risk Parity,BCH-USD,-0.9342333878923752,-0.9364024160378094,-46.7898265488344,-57.95419301523472,15,False,monthly inverse-vol,,,,,
Crypto_PIT,Holdout,SMA 50/200,SMA 50/200,BCH-USD,-0.07244997464760945,-0.07351173927211097,-17.97815321837112,-32.50789984877515,1,False,"asset 0, NO warm-up (as published): first 200 in-window days have no signal",,,,,
Crypto_PIT,Holdout,SMA 50/200 (warm-up),SMA 50/200 (warm-up),BCH-USD,-0.17059879823421215,-0.17389653256701337,-21.885491558140092,-32.48546180740107,3,False,"asset 0, 200 pre-window warm-up days -> 365/365 in-window days with a live signal (0 default)",,,,,
Crypto_PIT,Holdout,[v6] Fast,[v6] Fast,BCH-USD,-1.8728337509524702,-1.8766796219965958,-85.13744749547486,-86.79249184619103,-1,False,"FastTradingNet, 1 checkpoint",,,,,
