Universe,Model Arm,Seed,OOS Return (%),OOS Sharpe,OOS Max DD (%),Future 1-Yr Return (%),Future Sharpe,Future Max DD (%)
1. 🇮🇳 Indian Nifty 50 Equities,1. LSTM-DNN (60% Real),42,-0.43161894934273803,-0.04117979429236372,-6.517115239902366,-1.8598789953039319,-0.27069346265259836,-8.792647454749073
1. 🇮🇳 Indian Nifty 50 Equities,2. Real-PPO (60% Real),42,-0.10329825570654094,0.011086800236353105,-5.858917662977891,-1.9379859528587118,-0.31116471800788,-8.429437010873142
1. 🇮🇳 Indian Nifty 50 Equities,3. RAI v8.2 (0% Real),42,-0.3883870368531772,-0.07939480427158348,-4.0805478184123105,-0.553666285441412,-0.11949860031834933,-5.450622995296682
1. 🇮🇳 Indian Nifty 50 Equities,1. LSTM-DNN (60% Real),101,-0.4526121453464871,-0.04497005288617234,-6.5113376708090716,-1.8543903214195967,-0.27031996625070626,-8.776133089369239
1. 🇮🇳 Indian Nifty 50 Equities,2. Real-PPO (60% Real),101,-1.6516156415116723,-0.2301368994387819,-7.812040984532366,-3.522807333004929,-0.4700774114325122,-10.515701746774043
1. 🇮🇳 Indian Nifty 50 Equities,3. RAI v8.2 (0% Real),101,0.7032594645483448,0.13512444274888918,-7.552551265213536,-1.9086128933577307,-0.2109006067770447,-11.648999024246939
1. 🇮🇳 Indian Nifty 50 Equities,1. LSTM-DNN (60% Real),202,-0.46902418232115384,-0.0478377439715098,-6.516809917559793,-1.8471833761390166,-0.26897551017256704,-8.777127893071167
1. 🇮🇳 Indian Nifty 50 Equities,2. Real-PPO (60% Real),202,0.16114541535714455,0.061678257884414917,-6.887705662155863,-1.5727916853035984,-0.21742354836982056,-8.890480867396537
1. 🇮🇳 Indian Nifty 50 Equities,3. RAI v8.2 (0% Real),202,-0.6797575053474558,-0.14821583755349613,-4.440794783151217,-1.84904360639786,-0.43462249939445846,-6.604293154947949
1. 🇮🇳 Indian Nifty 50 Equities,1. LSTM-DNN (60% Real),303,-0.4369398381379508,-0.04227665906059591,-6.508466807436093,-1.8393873293981566,-0.268071927839026,-8.766479173036346
1. 🇮🇳 Indian Nifty 50 Equities,2. Real-PPO (60% Real),303,-0.016304126669164365,0.028236425126168075,-6.222586803798977,-1.2790477393197053,-0.20162737138597303,-7.54386047218327
1. 🇮🇳 Indian Nifty 50 Equities,3. RAI v8.2 (0% Real),303,0.6458397820307216,0.13929472342204643,-6.664059963757393,-2.5172933865948655,-0.34844209019188993,-9.73623602842895
1. 🇮🇳 Indian Nifty 50 Equities,1. LSTM-DNN (60% Real),404,-0.46059327585862286,-0.04613011935308367,-6.526056987673214,-1.8611598191117573,-0.2706301836005277,-8.794597837848984
1. 🇮🇳 Indian Nifty 50 Equities,2. Real-PPO (60% Real),404,-0.8498283834679543,-0.11928173941654939,-6.510627912950937,-0.7111970950902102,-0.08533747059266801,-7.633315838261098
1. 🇮🇳 Indian Nifty 50 Equities,3. RAI v8.2 (0% Real),404,0.5687106919165741,0.14405491347204805,-4.9639197380352575,-1.194108712738129,-0.21338254526648393,-7.208938494308086
1. 🇮🇳 Indian Nifty 50 Equities,1. LSTM-DNN (60% Real),505,-0.4495472646380727,-0.044444711321193445,-6.515053626355198,-1.8455211153112439,-0.269066499954647,-8.766420156981503
1. 🇮🇳 Indian Nifty 50 Equities,2. Real-PPO (60% Real),505,-0.27727031004669556,0.0030165080592230147,-8.24088668287245,0.119768339059112,0.05941431684209199,-9.01335495492456
1. 🇮🇳 Indian Nifty 50 Equities,3. RAI v8.2 (0% Real),505,0.0797734781596171,0.050410304330840726,-7.061491403725443,-1.8372881053667522,-0.2277245871945912,-9.766224953736593
1. 🇮🇳 Indian Nifty 50 Equities,1. LSTM-DNN (60% Real),606,-0.4459539075651775,-0.043702000578515206,-6.518195612041702,-1.8428537722531502,-0.26804517365736547,-8.77398764814695
1. 🇮🇳 Indian Nifty 50 Equities,2. Real-PPO (60% Real),606,0.14965871395571373,0.060842627321043,-7.477783498611565,-0.6299029619240226,-0.0521251805424091,-8.86157454343214
1. 🇮🇳 Indian Nifty 50 Equities,3. RAI v8.2 (0% Real),606,-0.5501353602525572,-0.03775243498763447,-7.762474883587482,-1.7654871588655086,-0.2009049308119842,-10.232205348264012
1. 🇮🇳 Indian Nifty 50 Equities,1. LSTM-DNN (60% Real),707,-0.4468741519418451,-0.04367170764287728,-6.532639291290959,-1.8482207884362278,-0.26837085577024156,-8.793465681136949
1. 🇮🇳 Indian Nifty 50 Equities,2. Real-PPO (60% Real),707,-1.312490032963065,-0.18205280010528446,-7.106054594674347,-1.9907903101021973,-0.27896649522957195,-9.19902997235867
1. 🇮🇳 Indian Nifty 50 Equities,3. RAI v8.2 (0% Real),707,-0.17090294123636163,0.0018846758915344285,-5.936216739345697,-2.2494117181563356,-0.34960550616038166,-8.49955388515226
1. 🇮🇳 Indian Nifty 50 Equities,1. LSTM-DNN (60% Real),808,-0.4535978337463886,-0.04534535497606729,-6.497549508891673,-1.8393320097326415,-0.2686079945951781,-8.751330310072182
1. 🇮🇳 Indian Nifty 50 Equities,2. Real-PPO (60% Real),808,-0.2586874337958789,0.0028734731367677725,-7.813163510449654,-2.5370546416748185,-0.30597841402045295,-10.732377249181843
1. 🇮🇳 Indian Nifty 50 Equities,3. RAI v8.2 (0% Real),808,0.21671262513263123,0.07123119901853867,-6.088891592843184,-1.3897658414012581,-0.20438845418065066,-8.033080293433713
1. 🇮🇳 Indian Nifty 50 Equities,1. LSTM-DNN (60% Real),909,-0.4588326029536294,-0.045682820731890464,-6.537404279237366,-1.8642925047400394,-0.2706189639879929,-8.810130002651626
1. 🇮🇳 Indian Nifty 50 Equities,2. Real-PPO (60% Real),909,-0.21784006829591585,0.006141825873372396,-7.315924750764427,-1.1709255651477735,-0.13121176846641508,-8.735414827819916
1. 🇮🇳 Indian Nifty 50 Equities,3. RAI v8.2 (0% Real),909,-0.3200061292295553,-0.022553308533630256,-6.465193728492356,-1.1107926800317691,-0.15082230932730226,-8.177953418317244
2. 🇺🇸 US Tech & Benchmark Index,1. LSTM-DNN (60% Real),42,10.25333119925751,1.0769757196316656,-10.041684095600248,7.061325581247391,0.9694867483011068,-6.958595030834022
2. 🇺🇸 US Tech & Benchmark Index,2. Real-PPO (60% Real),42,9.75145230760457,1.0688897363551142,-9.818897323937577,6.7936345539391985,0.9901244137266068,-6.513608164954188
2. 🇺🇸 US Tech & Benchmark Index,3. RAI v8.2 (0% Real),42,7.502441998663167,1.037896116288344,-7.783823431578185,5.928553799023506,1.072033921018171,-5.080627323315535
2. 🇺🇸 US Tech & Benchmark Index,1. LSTM-DNN (60% Real),101,10.244933855044192,1.0768249688656593,-10.036272417760316,7.06833579630104,0.9701519566895915,-6.953416450405163
2. 🇺🇸 US Tech & Benchmark Index,2. Real-PPO (60% Real),101,10.299835792448064,1.115062564413638,-9.575738649291617,5.948714422764789,0.8855848490271991,-6.410117312701058
2. 🇺🇸 US Tech & Benchmark Index,3. RAI v8.2 (0% Real),101,12.869234999177515,1.1192609275029428,-11.807972383095034,8.273335328858034,0.9009863348082894,-9.048766156018917
2. 🇺🇸 US Tech & Benchmark Index,1. LSTM-DNN (60% Real),202,10.263109884201471,1.0769588300872104,-10.054003569474752,7.0816663370222965,0.9701034682590517,-6.9678830520868855
2. 🇺🇸 US Tech & Benchmark Index,2. Real-PPO (60% Real),202,9.625982810814104,1.0544117581830952,-9.651902886653037,8.214346896941226,1.1395694967903698,-6.704139242298323
2. 🇺🇸 US Tech & Benchmark Index,3. RAI v8.2 (0% Real),202,9.12315552293217,1.1023758144057985,-8.64518893161547,7.147517305570461,1.1082660759742664,-5.939356553397268
2. 🇺🇸 US Tech & Benchmark Index,1. LSTM-DNN (60% Real),303,10.263487140386275,1.0775926090287016,-10.046288794208504,7.075848682390773,0.9690663956832295,-6.97069122030371
2. 🇺🇸 US Tech & Benchmark Index,2. Real-PPO (60% Real),303,9.086726121622423,1.0457123696051143,-9.205985296121304,6.239067158593081,0.9101550525281635,-6.518640325630567
2. 🇺🇸 US Tech & Benchmark Index,3. RAI v8.2 (0% Real),303,12.571124917033805,1.168222970214891,-10.724717833618607,8.029827627826624,0.9740273228375802,-7.704711031906358
2. 🇺🇸 US Tech & Benchmark Index,1. LSTM-DNN (60% Real),404,10.24510464074131,1.0765894322951954,-10.038984211332092,7.074740195133322,0.9691618935897021,-6.970583431326929
2. 🇺🇸 US Tech & Benchmark Index,2. Real-PPO (60% Real),404,8.190480206973948,0.9882690307928669,-8.994064006527394,6.725769419887628,1.0939350182199759,-5.451026051099678
2. 🇺🇸 US Tech & Benchmark Index,3. RAI v8.2 (0% Real),404,8.021413414859735,0.9102151372984757,-9.864457931237599,7.408675833578959,1.120044396088311,-5.671026991293128
2. 🇺🇸 US Tech & Benchmark Index,1. LSTM-DNN (60% Real),505,10.264164817444765,1.0775544815647249,-10.046174437175107,7.078385482694394,0.970057901440844,-6.961920594238359
2. 🇺🇸 US Tech & Benchmark Index,2. Real-PPO (60% Real),505,8.612320198536683,1.0176774604435244,-9.189706616578434,7.114813726264946,1.0742176954123333,-6.1947557903184185
2. 🇺🇸 US Tech & Benchmark Index,3. RAI v8.2 (0% Real),505,10.50454683407871,1.0389821104244295,-10.84750189931186,6.572995510092383,0.8662694555813965,-7.2953220487613475
2. 🇺🇸 US Tech & Benchmark Index,1. LSTM-DNN (60% Real),606,10.233537548699179,1.0772824683081228,-10.01868292411293,7.06147002899733,0.9700727129453645,-6.950934851896015
2. 🇺🇸 US Tech & Benchmark Index,2. Real-PPO (60% Real),606,10.66892081763302,1.1386334883179319,-9.626932901074117,8.032747882148694,1.0853536236255652,-6.797245452471031
2. 🇺🇸 US Tech & Benchmark Index,3. RAI v8.2 (0% Real),606,12.6548820010282,1.132706285098147,-11.325938694863895,7.440219215762656,0.8869853591188956,-8.068519960826551
2. 🇺🇸 US Tech & Benchmark Index,1. LSTM-DNN (60% Real),707,10.270988822653603,1.077350969258357,-10.05322629788354,7.078500622004413,0.9690737010695488,-6.977369773388997
2. 🇺🇸 US Tech & Benchmark Index,2. Real-PPO (60% Real),707,11.141764839643287,1.0360436783741314,-11.485388254756089,7.468078506248332,0.9102047279640217,-7.660078287990492
2. 🇺🇸 US Tech & Benchmark Index,3. RAI v8.2 (0% Real),707,9.430044205810262,1.0471456679302122,-9.630892981463461,5.171120571693333,0.741430743491799,-6.967189015129469
2. 🇺🇸 US Tech & Benchmark Index,1. LSTM-DNN (60% Real),808,10.250866062812136,1.077155011412077,-10.041259626868763,7.060511613698983,0.9675456367497864,-6.969664344133214
2. 🇺🇸 US Tech & Benchmark Index,2. Real-PPO (60% Real),808,10.384273888967588,1.1545343199267482,-8.99026411242946,7.205083240045873,1.026798027610441,-6.347290872388046
2. 🇺🇸 US Tech & Benchmark Index,3. RAI v8.2 (0% Real),808,9.663035272398158,1.0671305357311611,-9.613536068565473,7.9850428696500275,1.1449948135126655,-6.4995728410491
2. 🇺🇸 US Tech & Benchmark Index,1. LSTM-DNN (60% Real),909,10.243060424328366,1.0772990549035453,-10.028958342505845,7.059400313410147,0.969735315641869,-6.951526900556793
2. 🇺🇸 US Tech & Benchmark Index,2. Real-PPO (60% Real),909,9.048943397974906,1.027427525649292,-9.429742051270445,6.294469428039728,0.9326289516154432,-6.458462303372227
2. 🇺🇸 US Tech & Benchmark Index,3. RAI v8.2 (0% Real),909,11.5219490576264,1.0983341686993964,-10.922282654839503,6.620214335685803,0.8467376011382813,-7.499705664642582
3. 🌍 Global Forex & Commodities,1. LSTM-DNN (60% Real),42,4.026746015032678,0.8018197011264084,-3.9244446422667987,10.470041969419208,1.4616047969879642,-5.678182640646675
3. 🌍 Global Forex & Commodities,2. Real-PPO (60% Real),42,6.848561216278326,0.8752496413178747,-5.111571529303488,12.797180376587015,1.2471542779162845,-9.383433029885072
3. 🌍 Global Forex & Commodities,3. RAI v8.2 (0% Real),42,2.495538645644091,0.7558284901777916,-2.541356563612316,6.646990968171296,1.4213483935176228,-3.920967542715026
3. 🌍 Global Forex & Commodities,1. LSTM-DNN (60% Real),101,4.003778710452233,0.8001435633851726,-3.9165097040260797,10.440782522300008,1.4588068059615413,-5.673346225900758
3. 🌍 Global Forex & Commodities,2. Real-PPO (60% Real),101,3.8985599188456233,0.7762212919498693,-4.0710851222134465,10.371733420252195,1.5110280659814483,-5.3966942371055895
3. 🌍 Global Forex & Commodities,3. RAI v8.2 (0% Real),101,4.314891303494717,0.754621999652765,-4.793660325634179,13.219319952650288,1.568210293786314,-6.413359018179525
3. 🌍 Global Forex & Commodities,1. LSTM-DNN (60% Real),202,4.022061176662417,0.8012966889384924,-3.9214500658829103,10.468836376194046,1.4615756811299008,-5.678655645975431
3. 🌍 Global Forex & Commodities,2. Real-PPO (60% Real),202,3.2917450079440913,0.8032395539672789,-3.5180090319307746,9.825460991397804,1.598660605635215,-4.703278872244574
3. 🌍 Global Forex & Commodities,3. RAI v8.2 (0% Real),202,2.9858592892584745,0.8314089972317126,-2.8050661721196932,7.092180266439896,1.486503241830253,-3.8660381901840326
3. 🌍 Global Forex & Commodities,1. LSTM-DNN (60% Real),303,4.025820098028565,0.8014513917574682,-3.9256355099194193,10.45400299775283,1.4579403434728186,-5.692968838749413
3. 🌍 Global Forex & Commodities,2. Real-PPO (60% Real),303,3.9383582555549523,0.6543639632354564,-4.708601080251744,12.578438457129293,1.4622695994416899,-6.653733127179241
3. 🌍 Global Forex & Commodities,3. RAI v8.2 (0% Real),303,3.7021686911075546,0.7024962523678628,-4.269402923700426,10.895646187082985,1.5613558444926354,-5.161615060771969
3. 🌍 Global Forex & Commodities,1. LSTM-DNN (60% Real),404,4.025806466458448,0.802642095535206,-3.923338861907496,10.4559566369951,1.462132508081088,-5.667658712033974
3. 🌍 Global Forex & Commodities,2. Real-PPO (60% Real),404,3.7020591360631405,0.9626715324740094,-3.053342860920107,8.043931029625305,1.1723525980228455,-6.857125995044376
3. 🌍 Global Forex & Commodities,3. RAI v8.2 (0% Real),404,4.341922823474409,0.8737187640728534,-3.3279561557450004,8.927168460349378,1.1904203632226316,-7.725466061748845
3. 🌍 Global Forex & Commodities,1. LSTM-DNN (60% Real),505,4.018826803707176,0.7995557983091657,-3.929984023163614,10.464916430647442,1.4572561822406649,-5.702348506466447
3. 🌍 Global Forex & Commodities,2. Real-PPO (60% Real),505,3.6768833941359214,0.8341554569485917,-3.357872331431859,9.044619718839586,1.5931931228891736,-4.2724378930230955
3. 🌍 Global Forex & Commodities,3. RAI v8.2 (0% Real),505,4.028244856067187,0.73718073872617,-4.150862305958786,10.71101993581105,1.4015172053386684,-6.115654816030417
3. 🌍 Global Forex & Commodities,1. LSTM-DNN (60% Real),606,4.024695177835791,0.8017386999507379,-3.9224714709613515,10.442640890230104,1.4590497977512351,-5.682740133358628
3. 🌍 Global Forex & Commodities,2. Real-PPO (60% Real),606,5.705515871271927,0.7577778324387336,-4.845851534138017,12.911902439450195,1.2191211511483875,-8.591568962083576
3. 🌍 Global Forex & Commodities,3. RAI v8.2 (0% Real),606,4.805185543683654,0.854173950466311,-4.3571343717874385,11.573363955006455,1.4385175244184905,-6.598727818805691
3. 🌍 Global Forex & Commodities,1. LSTM-DNN (60% Real),707,4.0341608773249105,0.8015835303026977,-3.934501812168863,10.489637431252486,1.4594760337411268,-5.698491224284187
3. 🌍 Global Forex & Commodities,2. Real-PPO (60% Real),707,4.7407479621556226,0.7815387647924507,-4.630115029056838,11.785446116731224,1.5176510673829748,-5.897556750174574
3. 🌍 Global Forex & Commodities,3. RAI v8.2 (0% Real),707,4.125971174197773,0.7474729704901506,-4.3834856699746165,11.662717071141572,1.4823686448291575,-5.958296348678828
3. 🌍 Global Forex & Commodities,1. LSTM-DNN (60% Real),808,4.0158993636003615,0.8007137736756452,-3.924502345806386,10.469338187920773,1.4585142265812516,-5.690344162575042
3. 🌍 Global Forex & Commodities,2. Real-PPO (60% Real),808,4.609486774737337,0.7874165237225073,-4.938058538688869,13.396510151259244,1.6839820767977436,-5.614519448632156
3. 🌍 Global Forex & Commodities,3. RAI v8.2 (0% Real),808,3.829115580368425,0.8224301226746747,-3.4818155262247283,9.375525933530614,1.3140554371995579,-6.655728255193728
3. 🌍 Global Forex & Commodities,1. LSTM-DNN (60% Real),909,4.027983853735373,0.8024699601469403,-3.9228480214054993,10.459769286744036,1.4615796698811048,-5.671529675386743
3. 🌍 Global Forex & Commodities,2. Real-PPO (60% Real),909,5.5222417441725735,0.82860826809029,-4.937863511176661,14.465008311833216,1.3887908093176737,-9.873669481363393
3. 🌍 Global Forex & Commodities,3. RAI v8.2 (0% Real),909,3.806650033521297,0.9348232105066441,-3.2572711350822194,9.049743358599915,1.4814668373433664,-4.946085529594634
4. 🪙 Cryptocurrency Market,1. LSTM-DNN (60% Real),42,52.10948794433023,1.227615837630002,-27.15902296611291,-37.66544904454501,-1.3093875966117887,-42.690262481726684
4. 🪙 Cryptocurrency Market,2. Real-PPO (60% Real),42,48.019360375289246,1.2290130545077036,-24.87168733203782,-32.66236294956558,-1.1835062470839015,-38.77014566448702
4. 🪙 Cryptocurrency Market,3. RAI v8.2 (0% Real),42,30.352077131073173,1.2035595801557053,-17.071867065681623,-24.318606388493112,-1.2951468824688515,-28.526403225740342
4. 🪙 Cryptocurrency Market,1. LSTM-DNN (60% Real),101,51.783619471107414,1.2192432895916463,-27.33719540991717,-37.600899064910095,-1.3090569503265088,-42.620857502736456
4. 🪙 Cryptocurrency Market,2. Real-PPO (60% Real),101,53.356515843325106,1.150791495905187,-30.79543630134973,-35.735559427512385,-1.1462334489381547,-41.9934283489751
4. 🪙 Cryptocurrency Market,3. RAI v8.2 (0% Real),101,49.35992872033657,1.2274501731370764,-26.05800631720525,-36.65284416309582,-1.3137219834024718,-41.62141413692001
4. 🪙 Cryptocurrency Market,1. LSTM-DNN (60% Real),202,51.84479503486248,1.228335395042168,-27.005775245247044,-37.59482608950897,-1.308518173909836,-42.625433975520046
4. 🪙 Cryptocurrency Market,2. Real-PPO (60% Real),202,58.841611705093186,1.2778380046936257,-28.27577276128683,-39.41639937788144,-1.3040806973562549,-44.22387484273139
4. 🪙 Cryptocurrency Market,3. RAI v8.2 (0% Real),202,38.29115231655484,1.186526128098446,-22.419488886367954,-30.30648800400654,-1.2917882792076365,-34.86946494125622
4. 🪙 Cryptocurrency Market,1. LSTM-DNN (60% Real),303,51.778822818241245,1.2265832031103312,-27.065939981630766,-37.62960468888681,-1.3094423562883202,-42.65370570172939
4. 🪙 Cryptocurrency Market,2. Real-PPO (60% Real),303,54.143214365055584,1.2038143673416082,-29.42558208881165,-41.78523918013553,-1.3494516260051446,-46.57866837138302
4. 🪙 Cryptocurrency Market,3. RAI v8.2 (0% Real),303,53.55033918234988,1.1478051914614038,-31.075191145433767,-42.28692489830069,-1.3738494036522024,-46.962930160030986
4. 🪙 Cryptocurrency Market,1. LSTM-DNN (60% Real),404,51.886954198256575,1.222406429334194,-27.287799159016128,-37.671758530631706,-1.3092444470256945,-42.69429174400287
4. 🪙 Cryptocurrency Market,2. Real-PPO (60% Real),404,41.720594744923176,1.3174630265608718,-19.252603054809097,-27.741204529018127,-1.2924807453066487,-32.223447712108374
4. 🪙 Cryptocurrency Market,3. RAI v8.2 (0% Real),404,52.32834760404048,1.333044793842754,-23.608314176978627,-33.926503132458954,-1.2842539651861096,-38.84146890248951
4. 🪙 Cryptocurrency Market,1. LSTM-DNN (60% Real),505,51.81080118965766,1.2268141724442034,-27.089348777923796,-37.610457444569256,-1.3090261811597235,-42.63682689138393
4. 🪙 Cryptocurrency Market,2. Real-PPO (60% Real),505,60.74358149165751,1.237122982176294,-31.148628226236053,-42.5932712045026,-1.3055308230696263,-48.230801667344316
4. 🪙 Cryptocurrency Market,3. RAI v8.2 (0% Real),505,59.86667235321674,1.2457402424982742,-30.043048043469874,-41.2167669181999,-1.2906169748799394,-46.55635884409104
4. 🪙 Cryptocurrency Market,1. LSTM-DNN (60% Real),606,51.854560590784594,1.2246784281006542,-27.147400223605928,-37.6047548053126,-1.3089602254237713,-42.62766770764465
4. 🪙 Cryptocurrency Market,2. Real-PPO (60% Real),606,69.27726820245961,1.1529202308745696,-38.01272763526198,-52.70235885884147,-1.3247630823488088,-57.21054215912539
4. 🪙 Cryptocurrency Market,3. RAI v8.2 (0% Real),606,54.73000013074598,1.30301350716002,-24.598537875974582,-35.360969620760315,-1.2736905687355025,-41.019183017481794
4. 🪙 Cryptocurrency Market,1. LSTM-DNN (60% Real),707,51.877059778071825,1.2261086705980995,-27.14044451992214,-37.68066836678776,-1.308823310717154,-42.71216017760429
4. 🪙 Cryptocurrency Market,2. Real-PPO (60% Real),707,56.68521241192386,1.2158071511756163,-29.52480958044299,-42.11811113411416,-1.3131943052221833,-47.2039216541611
4. 🪙 Cryptocurrency Market,3. RAI v8.2 (0% Real),707,48.5708853624339,1.241660089678582,-24.810791346324333,-35.537165274780904,-1.343632862234482,-40.128928613341046
4. 🪙 Cryptocurrency Market,1. LSTM-DNN (60% Real),808,51.82718768134396,1.2245933623725478,-27.176079488751792,-37.69474869176668,-1.3100532669155665,-42.71456169320545
4. 🪙 Cryptocurrency Market,2. Real-PPO (60% Real),808,58.38571582643552,1.2614944482643433,-28.925021072285663,-40.46657822496491,-1.247734543164543,-46.25043189553858
4. 🪙 Cryptocurrency Market,3. RAI v8.2 (0% Real),808,42.45374294902915,1.31140768666657,-19.971375848263406,-28.6777983654012,-1.265423721148607,-33.954122274921936
4. 🪙 Cryptocurrency Market,1. LSTM-DNN (60% Real),909,51.7312354702147,1.2245152148008351,-27.109960943372926,-37.601833885711386,-1.3086987118968243,-42.63098519105109
4. 🪙 Cryptocurrency Market,2. Real-PPO (60% Real),909,60.65213901546698,1.1892966990345257,-32.66884442683275,-41.28419792817669,-1.2408580063985344,-47.16592965463417
4. 🪙 Cryptocurrency Market,3. RAI v8.2 (0% Real),909,49.81807322198905,1.2510871117836377,-24.90870069579417,-35.79470586091548,-1.3262506383582053,-40.33813810278215
