Seed,Day,P_up,Signal,Weight_per_asset,Total_equity_exposure
42,0,0.5592935681343079,1,0.08,0.7999999999999999
42,1,0.5580201745033264,1,0.08,0.7999999999999999
42,2,0.556553065776825,1,0.08,0.7999999999999999
42,3,0.5577067136764526,1,0.08,0.7999999999999999
42,4,0.5597038865089417,1,0.08,0.7999999999999999
42,5,0.5576618313789368,1,0.08,0.7999999999999999
42,6,0.5601595640182495,1,0.08,0.7999999999999999
42,7,0.5588122606277466,1,0.08,0.7999999999999999
42,8,0.5558393001556396,1,0.08,0.7999999999999999
42,9,0.5547804236412048,1,0.08,0.7999999999999999
42,10,0.5590177774429321,1,0.08,0.7999999999999999
42,11,0.5584394931793213,1,0.08,0.7999999999999999
42,12,0.5547226071357727,1,0.08,0.7999999999999999
42,13,0.5520877838134766,1,0.08,0.7999999999999999
42,14,0.5545891523361206,1,0.08,0.7999999999999999
42,15,0.5562849044799805,1,0.08,0.7999999999999999
42,16,0.5583229660987854,1,0.08,0.7999999999999999
42,17,0.5576286315917969,1,0.08,0.7999999999999999
42,18,0.5584539771080017,1,0.08,0.7999999999999999
42,19,0.5580066442489624,1,0.08,0.7999999999999999
42,20,0.5541648864746094,1,0.08,0.7999999999999999
42,21,0.5587764978408813,1,0.08,0.7999999999999999
42,22,0.5537792444229126,1,0.08,0.7999999999999999
42,23,0.5555436611175537,1,0.08,0.7999999999999999
42,24,0.5562586784362793,1,0.08,0.7999999999999999
42,25,0.5558855533599854,1,0.08,0.7999999999999999
42,26,0.5531906485557556,1,0.08,0.7999999999999999
42,27,0.555265486240387,1,0.08,0.7999999999999999
42,28,0.5551304817199707,1,0.08,0.7999999999999999
42,29,0.5567905306816101,1,0.08,0.7999999999999999
42,30,0.5580421686172485,1,0.08,0.7999999999999999
42,31,0.5553438067436218,1,0.08,0.7999999999999999
42,32,0.5571424961090088,1,0.08,0.7999999999999999
42,33,0.5566837191581726,1,0.08,0.7999999999999999
42,34,0.558925986289978,1,0.08,0.7999999999999999
42,35,0.5580351948738098,1,0.08,0.7999999999999999
42,36,0.5531138777732849,1,0.08,0.7999999999999999
42,37,0.5542440414428711,1,0.08,0.7999999999999999
42,38,0.5563037395477295,1,0.08,0.7999999999999999
42,39,0.5597073435783386,1,0.08,0.7999999999999999
42,40,0.5532249212265015,1,0.08,0.7999999999999999
42,41,0.553891658782959,1,0.08,0.7999999999999999
42,42,0.5579071640968323,1,0.08,0.7999999999999999
42,43,0.5559137463569641,1,0.08,0.7999999999999999
42,44,0.5595560669898987,1,0.08,0.7999999999999999
42,45,0.5584211945533752,1,0.08,0.7999999999999999
42,46,0.5572587847709656,1,0.08,0.7999999999999999
42,47,0.5578118562698364,1,0.08,0.7999999999999999
42,48,0.5564319491386414,1,0.08,0.7999999999999999
42,49,0.5579651594161987,1,0.08,0.7999999999999999
42,50,0.5577772259712219,1,0.08,0.7999999999999999
42,51,0.5589911341667175,1,0.08,0.7999999999999999
42,52,0.5559453964233398,1,0.08,0.7999999999999999
42,53,0.5525931715965271,1,0.08,0.7999999999999999
42,54,0.5571209192276001,1,0.08,0.7999999999999999
42,55,0.557929277420044,1,0.08,0.7999999999999999
42,56,0.5593338012695312,1,0.08,0.7999999999999999
42,57,0.5605184435844421,1,0.08,0.7999999999999999
42,58,0.5602797865867615,1,0.08,0.7999999999999999
42,59,0.5575879216194153,1,0.08,0.7999999999999999
42,60,0.5568941235542297,1,0.08,0.7999999999999999
42,61,0.5551870465278625,1,0.08,0.7999999999999999
42,62,0.5551936626434326,1,0.08,0.7999999999999999
42,63,0.5565045475959778,1,0.08,0.7999999999999999
42,64,0.5598958134651184,1,0.08,0.7999999999999999
42,65,0.5588374137878418,1,0.08,0.7999999999999999
42,66,0.5571237206459045,1,0.08,0.7999999999999999
42,67,0.5559535622596741,1,0.08,0.7999999999999999
42,68,0.5541173815727234,1,0.08,0.7999999999999999
42,69,0.5572989583015442,1,0.08,0.7999999999999999
42,70,0.5551105737686157,1,0.08,0.7999999999999999
42,71,0.5552290678024292,1,0.08,0.7999999999999999
42,72,0.5573492646217346,1,0.08,0.7999999999999999
42,73,0.5548596382141113,1,0.08,0.7999999999999999
42,74,0.5557622909545898,1,0.08,0.7999999999999999
42,75,0.5580310821533203,1,0.08,0.7999999999999999
42,76,0.5575258731842041,1,0.08,0.7999999999999999
42,77,0.5585402250289917,1,0.08,0.7999999999999999
42,78,0.5559070706367493,1,0.08,0.7999999999999999
42,79,0.5564196109771729,1,0.08,0.7999999999999999
42,80,0.5553779602050781,1,0.08,0.7999999999999999
42,81,0.5545886158943176,1,0.08,0.7999999999999999
42,82,0.5562951564788818,1,0.08,0.7999999999999999
42,83,0.555615246295929,1,0.08,0.7999999999999999
42,84,0.5559372901916504,1,0.08,0.7999999999999999
42,85,0.5593509674072266,1,0.08,0.7999999999999999
42,86,0.5577527284622192,1,0.08,0.7999999999999999
42,87,0.5539384484291077,1,0.08,0.7999999999999999
42,88,0.5541073679924011,1,0.08,0.7999999999999999
42,89,0.5568537712097168,1,0.08,0.7999999999999999
42,90,0.5568759441375732,1,0.08,0.7999999999999999
42,91,0.5550264716148376,1,0.08,0.7999999999999999
42,92,0.556125283241272,1,0.08,0.7999999999999999
42,93,0.5586835741996765,1,0.08,0.7999999999999999
42,94,0.5559618473052979,1,0.08,0.7999999999999999
42,95,0.5565972328186035,1,0.08,0.7999999999999999
42,96,0.555341362953186,1,0.08,0.7999999999999999
42,97,0.5581308007240295,1,0.08,0.7999999999999999
42,98,0.5575153827667236,1,0.08,0.7999999999999999
42,99,0.5545819997787476,1,0.08,0.7999999999999999
42,100,0.5568493604660034,1,0.08,0.7999999999999999
42,101,0.55706787109375,1,0.08,0.7999999999999999
42,102,0.5557183623313904,1,0.08,0.7999999999999999
42,103,0.5552809834480286,1,0.08,0.7999999999999999
42,104,0.5560846328735352,1,0.08,0.7999999999999999
42,105,0.555786669254303,1,0.08,0.7999999999999999
42,106,0.5570797324180603,1,0.08,0.7999999999999999
42,107,0.5581338405609131,1,0.08,0.7999999999999999
42,108,0.5586745738983154,1,0.08,0.7999999999999999
42,109,0.5583639144897461,1,0.08,0.7999999999999999
42,110,0.5564456582069397,1,0.08,0.7999999999999999
42,111,0.5576440691947937,1,0.08,0.7999999999999999
42,112,0.5569170713424683,1,0.08,0.7999999999999999
42,113,0.5570665597915649,1,0.08,0.7999999999999999
42,114,0.5561124086380005,1,0.08,0.7999999999999999
42,115,0.5551031827926636,1,0.08,0.7999999999999999
42,116,0.5549034476280212,1,0.08,0.7999999999999999
42,117,0.5558529496192932,1,0.08,0.7999999999999999
42,118,0.5590676069259644,1,0.08,0.7999999999999999
42,119,0.5573456883430481,1,0.08,0.7999999999999999
42,120,0.5598723888397217,1,0.08,0.7999999999999999
42,121,0.5609291791915894,1,0.08,0.7999999999999999
42,122,0.5592808127403259,1,0.08,0.7999999999999999
42,123,0.5564624667167664,1,0.08,0.7999999999999999
42,124,0.559472382068634,1,0.08,0.7999999999999999
42,125,0.5557262897491455,1,0.08,0.7999999999999999
42,126,0.5594090819358826,1,0.08,0.7999999999999999
42,127,0.5562276840209961,1,0.08,0.7999999999999999
42,128,0.5544064044952393,1,0.08,0.7999999999999999
42,129,0.5582461357116699,1,0.08,0.7999999999999999
42,130,0.5568995475769043,1,0.08,0.7999999999999999
42,131,0.5561887621879578,1,0.08,0.7999999999999999
42,132,0.5544883012771606,1,0.08,0.7999999999999999
42,133,0.5556432604789734,1,0.08,0.7999999999999999
42,134,0.5546693801879883,1,0.08,0.7999999999999999
42,135,0.5548766851425171,1,0.08,0.7999999999999999
42,136,0.5548195242881775,1,0.08,0.7999999999999999
42,137,0.5551233291625977,1,0.08,0.7999999999999999
42,138,0.5570379495620728,1,0.08,0.7999999999999999
42,139,0.5579569935798645,1,0.08,0.7999999999999999
42,140,0.5566566586494446,1,0.08,0.7999999999999999
42,141,0.5559372305870056,1,0.08,0.7999999999999999
42,142,0.5559554100036621,1,0.08,0.7999999999999999
42,143,0.5567198395729065,1,0.08,0.7999999999999999
42,144,0.5552210807800293,1,0.08,0.7999999999999999
42,145,0.5560372471809387,1,0.08,0.7999999999999999
42,146,0.5554561614990234,1,0.08,0.7999999999999999
42,147,0.5564466714859009,1,0.08,0.7999999999999999
42,148,0.5571611523628235,1,0.08,0.7999999999999999
42,149,0.5584958791732788,1,0.08,0.7999999999999999
42,150,0.5570890307426453,1,0.08,0.7999999999999999
42,151,0.5571770668029785,1,0.08,0.7999999999999999
42,152,0.5601906776428223,1,0.08,0.7999999999999999
42,153,0.5584376454353333,1,0.08,0.7999999999999999
42,154,0.5545364618301392,1,0.08,0.7999999999999999
42,155,0.5551614165306091,1,0.08,0.7999999999999999
42,156,0.5555323362350464,1,0.08,0.7999999999999999
42,157,0.5600036978721619,1,0.08,0.7999999999999999
42,158,0.5599187612533569,1,0.08,0.7999999999999999
42,159,0.5576599836349487,1,0.08,0.7999999999999999
42,160,0.553930401802063,1,0.08,0.7999999999999999
42,161,0.5547545552253723,1,0.08,0.7999999999999999
42,162,0.5560488104820251,1,0.08,0.7999999999999999
42,163,0.5562611222267151,1,0.08,0.7999999999999999
42,164,0.5576494932174683,1,0.08,0.7999999999999999
42,165,0.5576600432395935,1,0.08,0.7999999999999999
42,166,0.5554149746894836,1,0.08,0.7999999999999999
42,167,0.5570401549339294,1,0.08,0.7999999999999999
42,168,0.5544642806053162,1,0.08,0.7999999999999999
42,169,0.5549672842025757,1,0.08,0.7999999999999999
42,170,0.5559960603713989,1,0.08,0.7999999999999999
42,171,0.5555827021598816,1,0.08,0.7999999999999999
42,172,0.5573716759681702,1,0.08,0.7999999999999999
42,173,0.5572620034217834,1,0.08,0.7999999999999999
42,174,0.5562954545021057,1,0.08,0.7999999999999999
42,175,0.5546672940254211,1,0.08,0.7999999999999999
42,176,0.5577005743980408,1,0.08,0.7999999999999999
42,177,0.558857798576355,1,0.08,0.7999999999999999
42,178,0.5559918880462646,1,0.08,0.7999999999999999
42,179,0.5535959005355835,1,0.08,0.7999999999999999
42,180,0.5560250878334045,1,0.08,0.7999999999999999
42,181,0.556062638759613,1,0.08,0.7999999999999999
42,182,0.555843710899353,1,0.08,0.7999999999999999
42,183,0.5569325089454651,1,0.08,0.7999999999999999
42,184,0.5568364262580872,1,0.08,0.7999999999999999
42,185,0.5571368336677551,1,0.08,0.7999999999999999
42,186,0.5548428297042847,1,0.08,0.7999999999999999
42,187,0.5561944246292114,1,0.08,0.7999999999999999
42,188,0.5552886724472046,1,0.08,0.7999999999999999
42,189,0.5562439560890198,1,0.08,0.7999999999999999
42,190,0.5578487515449524,1,0.08,0.7999999999999999
42,191,0.557658851146698,1,0.08,0.7999999999999999
42,192,0.5573572516441345,1,0.08,0.7999999999999999
42,193,0.5585914254188538,1,0.08,0.7999999999999999
42,194,0.5574062466621399,1,0.08,0.7999999999999999
42,195,0.556034505367279,1,0.08,0.7999999999999999
42,196,0.5562455654144287,1,0.08,0.7999999999999999
42,197,0.5554604530334473,1,0.08,0.7999999999999999
42,198,0.5553848743438721,1,0.08,0.7999999999999999
42,199,0.5555340051651001,1,0.08,0.7999999999999999
42,200,0.5555356740951538,1,0.08,0.7999999999999999
42,201,0.5568512082099915,1,0.08,0.7999999999999999
42,202,0.5555759072303772,1,0.08,0.7999999999999999
42,203,0.5560347437858582,1,0.08,0.7999999999999999
42,204,0.5552303791046143,1,0.08,0.7999999999999999
42,205,0.5552147626876831,1,0.08,0.7999999999999999
42,206,0.5551548004150391,1,0.08,0.7999999999999999
42,207,0.5569493770599365,1,0.08,0.7999999999999999
42,208,0.556751012802124,1,0.08,0.7999999999999999
42,209,0.5563438534736633,1,0.08,0.7999999999999999
42,210,0.5571072101593018,1,0.08,0.7999999999999999
42,211,0.5575069785118103,1,0.08,0.7999999999999999
42,212,0.5566414594650269,1,0.08,0.7999999999999999
42,213,0.5550991296768188,1,0.08,0.7999999999999999
42,214,0.5554324984550476,1,0.08,0.7999999999999999
42,215,0.5562032461166382,1,0.08,0.7999999999999999
42,216,0.556207001209259,1,0.08,0.7999999999999999
42,217,0.554701030254364,1,0.08,0.7999999999999999
42,218,0.555414080619812,1,0.08,0.7999999999999999
42,219,0.5560348629951477,1,0.08,0.7999999999999999
42,220,0.5582042336463928,1,0.08,0.7999999999999999
42,221,0.5555813312530518,1,0.08,0.7999999999999999
42,222,0.557038426399231,1,0.08,0.7999999999999999
42,223,0.555603563785553,1,0.08,0.7999999999999999
42,224,0.5573986172676086,1,0.08,0.7999999999999999
42,225,0.5572754144668579,1,0.08,0.7999999999999999
42,226,0.5564378499984741,1,0.08,0.7999999999999999
42,227,0.5569122433662415,1,0.08,0.7999999999999999
42,228,0.5564014911651611,1,0.08,0.7999999999999999
42,229,0.5579248070716858,1,0.08,0.7999999999999999
42,230,0.5580868721008301,1,0.08,0.7999999999999999
42,231,0.5573394298553467,1,0.08,0.7999999999999999
42,232,0.5567721724510193,1,0.08,0.7999999999999999
42,233,0.5556209683418274,1,0.08,0.7999999999999999
42,234,0.5567647814750671,1,0.08,0.7999999999999999
42,235,0.5566030740737915,1,0.08,0.7999999999999999
42,236,0.5579280853271484,1,0.08,0.7999999999999999
42,237,0.5563753247261047,1,0.08,0.7999999999999999
42,238,0.5558825731277466,1,0.08,0.7999999999999999
42,239,0.5550456643104553,1,0.08,0.7999999999999999
42,240,0.5559248328208923,1,0.08,0.7999999999999999
42,241,0.5566302537918091,1,0.08,0.7999999999999999
42,242,0.5549162030220032,1,0.08,0.7999999999999999
42,243,0.5556638240814209,1,0.08,0.7999999999999999
42,244,0.5565090179443359,1,0.08,0.7999999999999999
42,245,0.5573310852050781,1,0.08,0.7999999999999999
42,246,0.5567676424980164,1,0.08,0.7999999999999999
42,247,0.5554785132408142,1,0.08,0.7999999999999999
42,248,0.556572675704956,1,0.08,0.7999999999999999
42,249,0.5566709637641907,1,0.08,0.7999999999999999
42,250,0.5547555088996887,1,0.08,0.7999999999999999
42,251,0.5568376779556274,1,0.08,0.7999999999999999
42,252,0.5569765567779541,1,0.08,0.7999999999999999
42,253,0.5567802786827087,1,0.08,0.7999999999999999
42,254,0.5580570697784424,1,0.08,0.7999999999999999
42,255,0.558027982711792,1,0.08,0.7999999999999999
42,256,0.5570040941238403,1,0.08,0.7999999999999999
42,257,0.5554631352424622,1,0.08,0.7999999999999999
42,258,0.5572957992553711,1,0.08,0.7999999999999999
42,259,0.5555450916290283,1,0.08,0.7999999999999999
42,260,0.5559655427932739,1,0.08,0.7999999999999999
42,261,0.5565686225891113,1,0.08,0.7999999999999999
42,262,0.5564663410186768,1,0.08,0.7999999999999999
42,263,0.5569717884063721,1,0.08,0.7999999999999999
42,264,0.5576830506324768,1,0.08,0.7999999999999999
42,265,0.5572656393051147,1,0.08,0.7999999999999999
42,266,0.5549989342689514,1,0.08,0.7999999999999999
42,267,0.5558385848999023,1,0.08,0.7999999999999999
42,268,0.5557615160942078,1,0.08,0.7999999999999999
42,269,0.5570491552352905,1,0.08,0.7999999999999999
42,270,0.5568498373031616,1,0.08,0.7999999999999999
42,271,0.5571689009666443,1,0.08,0.7999999999999999
42,272,0.5551667809486389,1,0.08,0.7999999999999999
42,273,0.555611252784729,1,0.08,0.7999999999999999
42,274,0.5572713613510132,1,0.08,0.7999999999999999
42,275,0.5564689636230469,1,0.08,0.7999999999999999
42,276,0.5581638216972351,1,0.08,0.7999999999999999
42,277,0.5583041310310364,1,0.08,0.7999999999999999
42,278,0.5572965741157532,1,0.08,0.7999999999999999
42,279,0.5576810836791992,1,0.08,0.7999999999999999
42,280,0.5588289499282837,1,0.08,0.7999999999999999
42,281,0.5573678612709045,1,0.08,0.7999999999999999
42,282,0.5563379526138306,1,0.08,0.7999999999999999
42,283,0.556117832660675,1,0.08,0.7999999999999999
42,284,0.5562505125999451,1,0.08,0.7999999999999999
42,285,0.5550669431686401,1,0.08,0.7999999999999999
42,286,0.5556935667991638,1,0.08,0.7999999999999999
42,287,0.5561705231666565,1,0.08,0.7999999999999999
42,288,0.5580929517745972,1,0.08,0.7999999999999999
42,289,0.5588405728340149,1,0.08,0.7999999999999999
42,290,0.5578523278236389,1,0.08,0.7999999999999999
42,291,0.5551191568374634,1,0.08,0.7999999999999999
42,292,0.5560805797576904,1,0.08,0.7999999999999999
42,293,0.5545601844787598,1,0.08,0.7999999999999999
42,294,0.5558343529701233,1,0.08,0.7999999999999999
42,295,0.5586549639701843,1,0.08,0.7999999999999999
42,296,0.5566600561141968,1,0.08,0.7999999999999999
42,297,0.555607259273529,1,0.08,0.7999999999999999
42,298,0.5571193695068359,1,0.08,0.7999999999999999
42,299,0.5569735765457153,1,0.08,0.7999999999999999
42,300,0.5566806793212891,1,0.08,0.7999999999999999
42,301,0.5579996705055237,1,0.08,0.7999999999999999
42,302,0.5566853284835815,1,0.08,0.7999999999999999
42,303,0.5570322275161743,1,0.08,0.7999999999999999
42,304,0.5570021867752075,1,0.08,0.7999999999999999
42,305,0.5571907162666321,1,0.08,0.7999999999999999
42,306,0.5577334761619568,1,0.08,0.7999999999999999
42,307,0.5588184595108032,1,0.08,0.7999999999999999
42,308,0.5598262548446655,1,0.08,0.7999999999999999
42,309,0.5569952726364136,1,0.08,0.7999999999999999
42,310,0.5559017658233643,1,0.08,0.7999999999999999
42,311,0.5556290149688721,1,0.08,0.7999999999999999
42,312,0.5571026802062988,1,0.08,0.7999999999999999
42,313,0.5558713674545288,1,0.08,0.7999999999999999
42,314,0.5563488602638245,1,0.08,0.7999999999999999
42,315,0.55744868516922,1,0.08,0.7999999999999999
42,316,0.5562785267829895,1,0.08,0.7999999999999999
42,317,0.5557124018669128,1,0.08,0.7999999999999999
42,318,0.5586987733840942,1,0.08,0.7999999999999999
42,319,0.555794358253479,1,0.08,0.7999999999999999
42,320,0.5564053058624268,1,0.08,0.7999999999999999
42,321,0.5555643439292908,1,0.08,0.7999999999999999
42,322,0.5573484301567078,1,0.08,0.7999999999999999
42,323,0.5571174025535583,1,0.08,0.7999999999999999
42,324,0.557241678237915,1,0.08,0.7999999999999999
42,325,0.5577174425125122,1,0.08,0.7999999999999999
42,326,0.5574055314064026,1,0.08,0.7999999999999999
42,327,0.5567572712898254,1,0.08,0.7999999999999999
42,328,0.5554754137992859,1,0.08,0.7999999999999999
42,329,0.5558945536613464,1,0.08,0.7999999999999999
42,330,0.5563492774963379,1,0.08,0.7999999999999999
42,331,0.5562686324119568,1,0.08,0.7999999999999999
42,332,0.5563714504241943,1,0.08,0.7999999999999999
42,333,0.556199312210083,1,0.08,0.7999999999999999
42,334,0.5568586587905884,1,0.08,0.7999999999999999
42,335,0.5571866035461426,1,0.08,0.7999999999999999
42,336,0.5550467371940613,1,0.08,0.7999999999999999
42,337,0.5547178983688354,1,0.08,0.7999999999999999
42,338,0.5557722449302673,1,0.08,0.7999999999999999
42,339,0.5557875633239746,1,0.08,0.7999999999999999
42,340,0.5554677844047546,1,0.08,0.7999999999999999
42,341,0.5553272366523743,1,0.08,0.7999999999999999
42,342,0.5560508966445923,1,0.08,0.7999999999999999
42,343,0.556536078453064,1,0.08,0.7999999999999999
42,344,0.5576027035713196,1,0.08,0.7999999999999999
42,345,0.5597969889640808,1,0.08,0.7999999999999999
42,346,0.558127760887146,1,0.08,0.7999999999999999
42,347,0.5565335750579834,1,0.08,0.7999999999999999
42,348,0.5559574365615845,1,0.08,0.7999999999999999
42,349,0.55551677942276,1,0.08,0.7999999999999999
42,350,0.5552793145179749,1,0.08,0.7999999999999999
42,351,0.55496746301651,1,0.08,0.7999999999999999
42,352,0.5551152229309082,1,0.08,0.7999999999999999
42,353,0.5557677745819092,1,0.08,0.7999999999999999
42,354,0.5573371648788452,1,0.08,0.7999999999999999
42,355,0.5558685064315796,1,0.08,0.7999999999999999
42,356,0.5553064942359924,1,0.08,0.7999999999999999
42,357,0.5564558506011963,1,0.08,0.7999999999999999
42,358,0.5574299097061157,1,0.08,0.7999999999999999
42,359,0.5562925338745117,1,0.08,0.7999999999999999
42,360,0.5546332001686096,1,0.08,0.7999999999999999
42,361,0.5572397708892822,1,0.08,0.7999999999999999
42,362,0.5569521188735962,1,0.08,0.7999999999999999
42,363,0.5559101700782776,1,0.08,0.7999999999999999
42,364,0.5573469400405884,1,0.08,0.7999999999999999
42,365,0.5568353533744812,1,0.08,0.7999999999999999
42,366,0.5554696917533875,1,0.08,0.7999999999999999
42,367,0.5567997097969055,1,0.08,0.7999999999999999
42,368,0.5590062737464905,1,0.08,0.7999999999999999
42,369,0.5568305253982544,1,0.08,0.7999999999999999
42,370,0.5560950040817261,1,0.08,0.7999999999999999
42,371,0.5574172139167786,1,0.08,0.7999999999999999
42,372,0.5571160912513733,1,0.08,0.7999999999999999
42,373,0.5554652810096741,1,0.08,0.7999999999999999
42,374,0.5558974146842957,1,0.08,0.7999999999999999
42,375,0.555789589881897,1,0.08,0.7999999999999999
42,376,0.5567614436149597,1,0.08,0.7999999999999999
42,377,0.5553739666938782,1,0.08,0.7999999999999999
42,378,0.5558648705482483,1,0.08,0.7999999999999999
42,379,0.5556181073188782,1,0.08,0.7999999999999999
42,380,0.5560640096664429,1,0.08,0.7999999999999999
42,381,0.5574212670326233,1,0.08,0.7999999999999999
42,382,0.556761622428894,1,0.08,0.7999999999999999
42,383,0.5573047995567322,1,0.08,0.7999999999999999
42,384,0.55641108751297,1,0.08,0.7999999999999999
42,385,0.5563192367553711,1,0.08,0.7999999999999999
42,386,0.5558523535728455,1,0.08,0.7999999999999999
42,387,0.5564411282539368,1,0.08,0.7999999999999999
42,388,0.5561267137527466,1,0.08,0.7999999999999999
42,389,0.5574625730514526,1,0.08,0.7999999999999999
42,390,0.5555438995361328,1,0.08,0.7999999999999999
42,391,0.5558618903160095,1,0.08,0.7999999999999999
42,392,0.556537389755249,1,0.08,0.7999999999999999
42,393,0.5570613145828247,1,0.08,0.7999999999999999
42,394,0.5556643009185791,1,0.08,0.7999999999999999
42,395,0.5581228733062744,1,0.08,0.7999999999999999
42,396,0.5579195022583008,1,0.08,0.7999999999999999
42,397,0.5573670268058777,1,0.08,0.7999999999999999
42,398,0.5587126612663269,1,0.08,0.7999999999999999
42,399,0.5573539137840271,1,0.08,0.7999999999999999
42,400,0.5580157041549683,1,0.08,0.7999999999999999
42,401,0.5558284521102905,1,0.08,0.7999999999999999
42,402,0.5548483729362488,1,0.08,0.7999999999999999
42,403,0.5557408332824707,1,0.08,0.7999999999999999
42,404,0.556120753288269,1,0.08,0.7999999999999999
42,405,0.5554168820381165,1,0.08,0.7999999999999999
42,406,0.5561924576759338,1,0.08,0.7999999999999999
42,407,0.5582689046859741,1,0.08,0.7999999999999999
42,408,0.5586095452308655,1,0.08,0.7999999999999999
42,409,0.5559848546981812,1,0.08,0.7999999999999999
42,410,0.5560328960418701,1,0.08,0.7999999999999999
42,411,0.5560320615768433,1,0.08,0.7999999999999999
42,412,0.556940495967865,1,0.08,0.7999999999999999
42,413,0.5566694140434265,1,0.08,0.7999999999999999
42,414,0.5562794208526611,1,0.08,0.7999999999999999
42,415,0.5568094849586487,1,0.08,0.7999999999999999
42,416,0.5561218857765198,1,0.08,0.7999999999999999
42,417,0.5565057396888733,1,0.08,0.7999999999999999
42,418,0.5558463931083679,1,0.08,0.7999999999999999
42,419,0.5565885901451111,1,0.08,0.7999999999999999
42,420,0.556187629699707,1,0.08,0.7999999999999999
42,421,0.5564267039299011,1,0.08,0.7999999999999999
42,422,0.5570529699325562,1,0.08,0.7999999999999999
42,423,0.5575679540634155,1,0.08,0.7999999999999999
42,424,0.5577449798583984,1,0.08,0.7999999999999999
42,425,0.5562093257904053,1,0.08,0.7999999999999999
42,426,0.5553447604179382,1,0.08,0.7999999999999999
42,427,0.5568763017654419,1,0.08,0.7999999999999999
42,428,0.5576083660125732,1,0.08,0.7999999999999999
42,429,0.5572364330291748,1,0.08,0.7999999999999999
42,430,0.5584791302680969,1,0.08,0.7999999999999999
42,431,0.558558464050293,1,0.08,0.7999999999999999
42,432,0.5562378764152527,1,0.08,0.7999999999999999
42,433,0.5563108325004578,1,0.08,0.7999999999999999
42,434,0.5561659932136536,1,0.08,0.7999999999999999
42,435,0.5548209547996521,1,0.08,0.7999999999999999
42,436,0.5562063455581665,1,0.08,0.7999999999999999
42,437,0.5555247664451599,1,0.08,0.7999999999999999
42,438,0.5568699836730957,1,0.08,0.7999999999999999
42,439,0.5571281313896179,1,0.08,0.7999999999999999
42,440,0.5551152229309082,1,0.08,0.7999999999999999
42,441,0.5558688044548035,1,0.08,0.7999999999999999
42,442,0.5564098954200745,1,0.08,0.7999999999999999
42,443,0.5567622184753418,1,0.08,0.7999999999999999
42,444,0.5569057464599609,1,0.08,0.7999999999999999
42,445,0.556904673576355,1,0.08,0.7999999999999999
42,446,0.5561327934265137,1,0.08,0.7999999999999999
42,447,0.555936872959137,1,0.08,0.7999999999999999
42,448,0.5557934045791626,1,0.08,0.7999999999999999
42,449,0.5547510981559753,1,0.08,0.7999999999999999
42,450,0.555467426776886,1,0.08,0.7999999999999999
42,451,0.5560002326965332,1,0.08,0.7999999999999999
42,452,0.5563768744468689,1,0.08,0.7999999999999999
42,453,0.5567179322242737,1,0.08,0.7999999999999999
42,454,0.5567001104354858,1,0.08,0.7999999999999999
42,455,0.5557167530059814,1,0.08,0.7999999999999999
42,456,0.557013750076294,1,0.08,0.7999999999999999
42,457,0.5568422675132751,1,0.08,0.7999999999999999
42,458,0.556494951248169,1,0.08,0.7999999999999999
42,459,0.5571112036705017,1,0.08,0.7999999999999999
42,460,0.5585392117500305,1,0.08,0.7999999999999999
42,461,0.558265745639801,1,0.08,0.7999999999999999
42,462,0.5582382082939148,1,0.08,0.7999999999999999
42,463,0.5559536814689636,1,0.08,0.7999999999999999
42,464,0.5571447014808655,1,0.08,0.7999999999999999
42,465,0.5589600801467896,1,0.08,0.7999999999999999
42,466,0.5579521059989929,1,0.08,0.7999999999999999
42,467,0.5568091869354248,1,0.08,0.7999999999999999
42,468,0.5574958920478821,1,0.08,0.7999999999999999
42,469,0.5581478476524353,1,0.08,0.7999999999999999
42,470,0.5549630522727966,1,0.08,0.7999999999999999
42,471,0.558875560760498,1,0.08,0.7999999999999999
42,472,0.5618630647659302,1,0.08,0.7999999999999999
42,473,0.5623697638511658,1,0.08,0.7999999999999999
42,474,0.5569681525230408,1,0.08,0.7999999999999999
42,475,0.5563103556632996,1,0.08,0.7999999999999999
42,476,0.5534449815750122,1,0.08,0.7999999999999999
42,477,0.5551532506942749,1,0.08,0.7999999999999999
42,478,0.5556159615516663,1,0.08,0.7999999999999999
42,479,0.5550940632820129,1,0.08,0.7999999999999999
42,480,0.5568362474441528,1,0.08,0.7999999999999999
101,0,0.5576068162918091,1,0.08,0.7999999999999999
101,1,0.5561420321464539,1,0.08,0.7999999999999999
101,2,0.5543901920318604,1,0.08,0.7999999999999999
101,3,0.5559168457984924,1,0.08,0.7999999999999999
101,4,0.5582532286643982,1,0.08,0.7999999999999999
101,5,0.5557683706283569,1,0.08,0.7999999999999999
101,6,0.5589310526847839,1,0.08,0.7999999999999999
101,7,0.5574928522109985,1,0.08,0.7999999999999999
101,8,0.5539529323577881,1,0.08,0.7999999999999999
101,9,0.5523421764373779,1,0.08,0.7999999999999999
101,10,0.5571928024291992,1,0.08,0.7999999999999999
101,11,0.5562673807144165,1,0.08,0.7999999999999999
101,12,0.5519387722015381,1,0.08,0.7999999999999999
101,13,0.5487092137336731,1,0.08,0.7999999999999999
101,14,0.5519323348999023,1,0.08,0.7999999999999999
101,15,0.5541800856590271,1,0.08,0.7999999999999999
101,16,0.5565688610076904,1,0.08,0.7999999999999999
101,17,0.5558506846427917,1,0.08,0.7999999999999999
101,18,0.556747317314148,1,0.08,0.7999999999999999
101,19,0.5562843680381775,1,0.08,0.7999999999999999
101,20,0.5514886975288391,1,0.08,0.7999999999999999
101,21,0.5571321249008179,1,0.08,0.7999999999999999
101,22,0.5509406328201294,1,0.08,0.7999999999999999
101,23,0.5530492067337036,1,0.08,0.7999999999999999
101,24,0.5541831254959106,1,0.08,0.7999999999999999
101,25,0.553799033164978,1,0.08,0.7999999999999999
101,26,0.5506663918495178,1,0.08,0.7999999999999999
101,27,0.5531841516494751,1,0.08,0.7999999999999999
101,28,0.5524627566337585,1,0.08,0.7999999999999999
101,29,0.5539851188659668,1,0.08,0.7999999999999999
101,30,0.5554443597793579,1,0.08,0.7999999999999999
101,31,0.5524868369102478,1,0.08,0.7999999999999999
101,32,0.5547711849212646,1,0.08,0.7999999999999999
101,33,0.5542652010917664,1,0.08,0.7999999999999999
101,34,0.5570991039276123,1,0.08,0.7999999999999999
101,35,0.5560005307197571,1,0.08,0.7999999999999999
101,36,0.5503054857254028,1,0.08,0.7999999999999999
101,37,0.5518195033073425,1,0.08,0.7999999999999999
101,38,0.5542424321174622,1,0.08,0.7999999999999999
101,39,0.5581225156784058,1,0.08,0.7999999999999999
101,40,0.5499886274337769,1,0.08,0.7999999999999999
101,41,0.5506649613380432,1,0.08,0.7999999999999999
101,42,0.5555858016014099,1,0.08,0.7999999999999999
101,43,0.5530548691749573,1,0.08,0.7999999999999999
101,44,0.5573679804801941,1,0.08,0.7999999999999999
101,45,0.5560802817344666,1,0.08,0.7999999999999999
101,46,0.5547361373901367,1,0.08,0.7999999999999999
101,47,0.5555108785629272,1,0.08,0.7999999999999999
101,48,0.5539336204528809,1,0.08,0.7999999999999999
101,49,0.55570387840271,1,0.08,0.7999999999999999
101,50,0.5552513599395752,1,0.08,0.7999999999999999
101,51,0.5569913387298584,1,0.08,0.7999999999999999
101,52,0.5531964302062988,1,0.08,0.7999999999999999
101,53,0.5495626330375671,1,0.08,0.7999999999999999
101,54,0.5548155307769775,1,0.08,0.7999999999999999
101,55,0.5554247498512268,1,0.08,0.7999999999999999
101,56,0.5573216080665588,1,0.08,0.7999999999999999
101,57,0.5587655901908875,1,0.08,0.7999999999999999
101,58,0.558369517326355,1,0.08,0.7999999999999999
101,59,0.5550730228424072,1,0.08,0.7999999999999999
101,60,0.5544767379760742,1,0.08,0.7999999999999999
101,61,0.5525452494621277,1,0.08,0.7999999999999999
101,62,0.5525178909301758,1,0.08,0.7999999999999999
101,63,0.5540266036987305,1,0.08,0.7999999999999999
101,64,0.5580799579620361,1,0.08,0.7999999999999999
101,65,0.5570880174636841,1,0.08,0.7999999999999999
101,66,0.5551084280014038,1,0.08,0.7999999999999999
101,67,0.5538151860237122,1,0.08,0.7999999999999999
101,68,0.5515995621681213,1,0.08,0.7999999999999999
101,69,0.5551853775978088,1,0.08,0.7999999999999999
101,70,0.552632749080658,1,0.08,0.7999999999999999
101,71,0.5528749227523804,1,0.08,0.7999999999999999
101,72,0.5556752681732178,1,0.08,0.7999999999999999
101,73,0.552497923374176,1,0.08,0.7999999999999999
101,74,0.5535786747932434,1,0.08,0.7999999999999999
101,75,0.5561392307281494,1,0.08,0.7999999999999999
101,76,0.5550988912582397,1,0.08,0.7999999999999999
101,77,0.5564061403274536,1,0.08,0.7999999999999999
101,78,0.5531215071678162,1,0.08,0.7999999999999999
101,79,0.553730845451355,1,0.08,0.7999999999999999
101,80,0.5525486469268799,1,0.08,0.7999999999999999
101,81,0.5515901446342468,1,0.08,0.7999999999999999
101,82,0.5535282492637634,1,0.08,0.7999999999999999
101,83,0.5528921484947205,1,0.08,0.7999999999999999
101,84,0.5534037947654724,1,0.08,0.7999999999999999
101,85,0.5575748085975647,1,0.08,0.7999999999999999
101,86,0.5555567145347595,1,0.08,0.7999999999999999
101,87,0.5511941313743591,1,0.08,0.7999999999999999
101,88,0.5516163110733032,1,0.08,0.7999999999999999
101,89,0.5547045469284058,1,0.08,0.7999999999999999
101,90,0.5545183420181274,1,0.08,0.7999999999999999
101,91,0.5523855686187744,1,0.08,0.7999999999999999
101,92,0.5537613034248352,1,0.08,0.7999999999999999
101,93,0.5568251609802246,1,0.08,0.7999999999999999
101,94,0.5533963441848755,1,0.08,0.7999999999999999
101,95,0.5541925430297852,1,0.08,0.7999999999999999
101,96,0.5526394844055176,1,0.08,0.7999999999999999
101,97,0.5559981465339661,1,0.08,0.7999999999999999
101,98,0.5554815530776978,1,0.08,0.7999999999999999
101,99,0.5522021055221558,1,0.08,0.7999999999999999
101,100,0.5547770261764526,1,0.08,0.7999999999999999
101,101,0.5550466179847717,1,0.08,0.7999999999999999
101,102,0.5534289479255676,1,0.08,0.7999999999999999
101,103,0.5529623627662659,1,0.08,0.7999999999999999
101,104,0.5539981126785278,1,0.08,0.7999999999999999
101,105,0.5535512566566467,1,0.08,0.7999999999999999
101,106,0.5550596117973328,1,0.08,0.7999999999999999
101,107,0.5562729835510254,1,0.08,0.7999999999999999
101,108,0.5569961071014404,1,0.08,0.7999999999999999
101,109,0.556656002998352,1,0.08,0.7999999999999999
101,110,0.5541805028915405,1,0.08,0.7999999999999999
101,111,0.5556409358978271,1,0.08,0.7999999999999999
101,112,0.5547945499420166,1,0.08,0.7999999999999999
101,113,0.5549356341362,1,0.08,0.7999999999999999
101,114,0.5537170171737671,1,0.08,0.7999999999999999
101,115,0.5526084899902344,1,0.08,0.7999999999999999
101,116,0.5523753762245178,1,0.08,0.7999999999999999
101,117,0.5534875392913818,1,0.08,0.7999999999999999
101,118,0.5574466586112976,1,0.08,0.7999999999999999
101,119,0.5552121996879578,1,0.08,0.7999999999999999
101,120,0.5584372282028198,1,0.08,0.7999999999999999
101,121,0.5596543550491333,1,0.08,0.7999999999999999
101,122,0.5573410987854004,1,0.08,0.7999999999999999
101,123,0.5539265871047974,1,0.08,0.7999999999999999
101,124,0.5577124953269958,1,0.08,0.7999999999999999
101,125,0.5531385540962219,1,0.08,0.7999999999999999
101,126,0.5576721429824829,1,0.08,0.7999999999999999
101,127,0.5533679127693176,1,0.08,0.7999999999999999
101,128,0.5513573884963989,1,0.08,0.7999999999999999
101,129,0.5562836527824402,1,0.08,0.7999999999999999
101,130,0.5546429753303528,1,0.08,0.7999999999999999
101,131,0.5534994006156921,1,0.08,0.7999999999999999
101,132,0.5515530109405518,1,0.08,0.7999999999999999
101,133,0.5531730055809021,1,0.08,0.7999999999999999
101,134,0.5520682334899902,1,0.08,0.7999999999999999
101,135,0.5523677468299866,1,0.08,0.7999999999999999
101,136,0.552167534828186,1,0.08,0.7999999999999999
101,137,0.5525252223014832,1,0.08,0.7999999999999999
101,138,0.5549136400222778,1,0.08,0.7999999999999999
101,139,0.5559097528457642,1,0.08,0.7999999999999999
101,140,0.5543184280395508,1,0.08,0.7999999999999999
101,141,0.5534796118736267,1,0.08,0.7999999999999999
101,142,0.5535035729408264,1,0.08,0.7999999999999999
101,143,0.554477334022522,1,0.08,0.7999999999999999
101,144,0.5528616905212402,1,0.08,0.7999999999999999
101,145,0.5538994669914246,1,0.08,0.7999999999999999
101,146,0.5529906153678894,1,0.08,0.7999999999999999
101,147,0.5543127655982971,1,0.08,0.7999999999999999
101,148,0.555051326751709,1,0.08,0.7999999999999999
101,149,0.5566222667694092,1,0.08,0.7999999999999999
101,150,0.5548276901245117,1,0.08,0.7999999999999999
101,151,0.5549286007881165,1,0.08,0.7999999999999999
101,152,0.5585384964942932,1,0.08,0.7999999999999999
101,153,0.5564842224121094,1,0.08,0.7999999999999999
101,154,0.5518662929534912,1,0.08,0.7999999999999999
101,155,0.5525383949279785,1,0.08,0.7999999999999999
101,156,0.5530866980552673,1,0.08,0.7999999999999999
101,157,0.5586233139038086,1,0.08,0.7999999999999999
101,158,0.5580593347549438,1,0.08,0.7999999999999999
101,159,0.5552617311477661,1,0.08,0.7999999999999999
101,160,0.5508324503898621,1,0.08,0.7999999999999999
101,161,0.5521343946456909,1,0.08,0.7999999999999999
101,162,0.5537930130958557,1,0.08,0.7999999999999999
101,163,0.554007887840271,1,0.08,0.7999999999999999
101,164,0.5557082295417786,1,0.08,0.7999999999999999
101,165,0.5556143522262573,1,0.08,0.7999999999999999
101,166,0.55293208360672,1,0.08,0.7999999999999999
101,167,0.5551707744598389,1,0.08,0.7999999999999999
101,168,0.5518624782562256,1,0.08,0.7999999999999999
101,169,0.5527027249336243,1,0.08,0.7999999999999999
101,170,0.5538791418075562,1,0.08,0.7999999999999999
101,171,0.5532183647155762,1,0.08,0.7999999999999999
101,172,0.5553489923477173,1,0.08,0.7999999999999999
101,173,0.5553481578826904,1,0.08,0.7999999999999999
101,174,0.5544136762619019,1,0.08,0.7999999999999999
101,175,0.5523675680160522,1,0.08,0.7999999999999999
101,176,0.5558000802993774,1,0.08,0.7999999999999999
101,177,0.5568962097167969,1,0.08,0.7999999999999999
101,178,0.5533519387245178,1,0.08,0.7999999999999999
101,179,0.5502687096595764,1,0.08,0.7999999999999999
101,180,0.5536085367202759,1,0.08,0.7999999999999999
101,181,0.5534566640853882,1,0.08,0.7999999999999999
101,182,0.5529479384422302,1,0.08,0.7999999999999999
101,183,0.5547480583190918,1,0.08,0.7999999999999999
101,184,0.5546578764915466,1,0.08,0.7999999999999999
101,185,0.5550553202629089,1,0.08,0.7999999999999999
101,186,0.5521395206451416,1,0.08,0.7999999999999999
101,187,0.5538526773452759,1,0.08,0.7999999999999999
101,188,0.5526742935180664,1,0.08,0.7999999999999999
101,189,0.5537832975387573,1,0.08,0.7999999999999999
101,190,0.5558428764343262,1,0.08,0.7999999999999999
101,191,0.5554400682449341,1,0.08,0.7999999999999999
101,192,0.5554149150848389,1,0.08,0.7999999999999999
101,193,0.5569199323654175,1,0.08,0.7999999999999999
101,194,0.5550179481506348,1,0.08,0.7999999999999999
101,195,0.5535068511962891,1,0.08,0.7999999999999999
101,196,0.5538497567176819,1,0.08,0.7999999999999999
101,197,0.5528467297554016,1,0.08,0.7999999999999999
101,198,0.5529650449752808,1,0.08,0.7999999999999999
101,199,0.5530259013175964,1,0.08,0.7999999999999999
101,200,0.5531877279281616,1,0.08,0.7999999999999999
101,201,0.5549343824386597,1,0.08,0.7999999999999999
101,202,0.5533077716827393,1,0.08,0.7999999999999999
101,203,0.5537227988243103,1,0.08,0.7999999999999999
101,204,0.5526252388954163,1,0.08,0.7999999999999999
101,205,0.5525900721549988,1,0.08,0.7999999999999999
101,206,0.5524754524230957,1,0.08,0.7999999999999999
101,207,0.5546547770500183,1,0.08,0.7999999999999999
101,208,0.5545026659965515,1,0.08,0.7999999999999999
101,209,0.554015576839447,1,0.08,0.7999999999999999
101,210,0.5546851754188538,1,0.08,0.7999999999999999
101,211,0.5550585985183716,1,0.08,0.7999999999999999
101,212,0.5542211532592773,1,0.08,0.7999999999999999
101,213,0.5524808764457703,1,0.08,0.7999999999999999
101,214,0.5531618595123291,1,0.08,0.7999999999999999
101,215,0.5539170503616333,1,0.08,0.7999999999999999
101,216,0.5542013645172119,1,0.08,0.7999999999999999
101,217,0.5524582862854004,1,0.08,0.7999999999999999
101,218,0.5530576705932617,1,0.08,0.7999999999999999
101,219,0.5538264513015747,1,0.08,0.7999999999999999
101,220,0.5564454197883606,1,0.08,0.7999999999999999
101,221,0.5534796714782715,1,0.08,0.7999999999999999
101,222,0.5552105903625488,1,0.08,0.7999999999999999
101,223,0.5533209443092346,1,0.08,0.7999999999999999
101,224,0.5554516315460205,1,0.08,0.7999999999999999
101,225,0.5551213026046753,1,0.08,0.7999999999999999
101,226,0.5542904734611511,1,0.08,0.7999999999999999
101,227,0.5548610687255859,1,0.08,0.7999999999999999
101,228,0.5544189810752869,1,0.08,0.7999999999999999
101,229,0.5561886429786682,1,0.08,0.7999999999999999
101,230,0.5563323497772217,1,0.08,0.7999999999999999
101,231,0.5553796887397766,1,0.08,0.7999999999999999
101,232,0.5546205639839172,1,0.08,0.7999999999999999
101,233,0.5534893274307251,1,0.08,0.7999999999999999
101,234,0.5547206997871399,1,0.08,0.7999999999999999
101,235,0.5542746186256409,1,0.08,0.7999999999999999
101,236,0.5556688904762268,1,0.08,0.7999999999999999
101,237,0.5539438128471375,1,0.08,0.7999999999999999
101,238,0.5533432960510254,1,0.08,0.7999999999999999
101,239,0.5523949861526489,1,0.08,0.7999999999999999
101,240,0.5533943772315979,1,0.08,0.7999999999999999
101,241,0.5543504953384399,1,0.08,0.7999999999999999
101,242,0.5522453784942627,1,0.08,0.7999999999999999
101,243,0.5535553693771362,1,0.08,0.7999999999999999
101,244,0.5544968247413635,1,0.08,0.7999999999999999
101,245,0.5554170608520508,1,0.08,0.7999999999999999
101,246,0.554741382598877,1,0.08,0.7999999999999999
101,247,0.5532197952270508,1,0.08,0.7999999999999999
101,248,0.5543540120124817,1,0.08,0.7999999999999999
101,249,0.5546081066131592,1,0.08,0.7999999999999999
101,250,0.5521857142448425,1,0.08,0.7999999999999999
101,251,0.554718017578125,1,0.08,0.7999999999999999
101,252,0.5549954175949097,1,0.08,0.7999999999999999
101,253,0.554713785648346,1,0.08,0.7999999999999999
101,254,0.5561190843582153,1,0.08,0.7999999999999999
101,255,0.5563048124313354,1,0.08,0.7999999999999999
101,256,0.5551078915596008,1,0.08,0.7999999999999999
101,257,0.5532569289207458,1,0.08,0.7999999999999999
101,258,0.5555515885353088,1,0.08,0.7999999999999999
101,259,0.5533774495124817,1,0.08,0.7999999999999999
101,260,0.5537778735160828,1,0.08,0.7999999999999999
101,261,0.5544382929801941,1,0.08,0.7999999999999999
101,262,0.5546534061431885,1,0.08,0.7999999999999999
101,263,0.555281400680542,1,0.08,0.7999999999999999
101,264,0.5560181736946106,1,0.08,0.7999999999999999
101,265,0.5551730394363403,1,0.08,0.7999999999999999
101,266,0.5525220632553101,1,0.08,0.7999999999999999
101,267,0.5534058809280396,1,0.08,0.7999999999999999
101,268,0.5530682802200317,1,0.08,0.7999999999999999
101,269,0.5545589327812195,1,0.08,0.7999999999999999
101,270,0.5546415448188782,1,0.08,0.7999999999999999
101,271,0.5550507307052612,1,0.08,0.7999999999999999
101,272,0.5524962544441223,1,0.08,0.7999999999999999
101,273,0.5531194806098938,1,0.08,0.7999999999999999
101,274,0.5554231405258179,1,0.08,0.7999999999999999
101,275,0.5545920729637146,1,0.08,0.7999999999999999
101,276,0.5564937591552734,1,0.08,0.7999999999999999
101,277,0.5565556287765503,1,0.08,0.7999999999999999
101,278,0.5550692677497864,1,0.08,0.7999999999999999
101,279,0.5555738210678101,1,0.08,0.7999999999999999
101,280,0.5566812753677368,1,0.08,0.7999999999999999
101,281,0.5553128123283386,1,0.08,0.7999999999999999
101,282,0.5539987683296204,1,0.08,0.7999999999999999
101,283,0.5536704063415527,1,0.08,0.7999999999999999
101,284,0.5538894534111023,1,0.08,0.7999999999999999
101,285,0.552061140537262,1,0.08,0.7999999999999999
101,286,0.552592396736145,1,0.08,0.7999999999999999
101,287,0.5535196661949158,1,0.08,0.7999999999999999
101,288,0.5560243129730225,1,0.08,0.7999999999999999
101,289,0.5567388534545898,1,0.08,0.7999999999999999
101,290,0.5557315945625305,1,0.08,0.7999999999999999
101,291,0.5525509119033813,1,0.08,0.7999999999999999
101,292,0.553715169429779,1,0.08,0.7999999999999999
101,293,0.5512908697128296,1,0.08,0.7999999999999999
101,294,0.5529837608337402,1,0.08,0.7999999999999999
101,295,0.5566349029541016,1,0.08,0.7999999999999999
101,296,0.5540384650230408,1,0.08,0.7999999999999999
101,297,0.5528355836868286,1,0.08,0.7999999999999999
101,298,0.5548096299171448,1,0.08,0.7999999999999999
101,299,0.5545930862426758,1,0.08,0.7999999999999999
101,300,0.5542327165603638,1,0.08,0.7999999999999999
101,301,0.5558393001556396,1,0.08,0.7999999999999999
101,302,0.5542070269584656,1,0.08,0.7999999999999999
101,303,0.5545441508293152,1,0.08,0.7999999999999999
101,304,0.5544933080673218,1,0.08,0.7999999999999999
101,305,0.5545750260353088,1,0.08,0.7999999999999999
101,306,0.5551033616065979,1,0.08,0.7999999999999999
101,307,0.55674147605896,1,0.08,0.7999999999999999
101,308,0.5578495264053345,1,0.08,0.7999999999999999
101,309,0.5544953346252441,1,0.08,0.7999999999999999
101,310,0.553275465965271,1,0.08,0.7999999999999999
101,311,0.553092360496521,1,0.08,0.7999999999999999
101,312,0.5549529790878296,1,0.08,0.7999999999999999
101,313,0.5530402064323425,1,0.08,0.7999999999999999
101,314,0.5531548261642456,1,0.08,0.7999999999999999
101,315,0.5548737645149231,1,0.08,0.7999999999999999
101,316,0.5537011623382568,1,0.08,0.7999999999999999
101,317,0.5529971718788147,1,0.08,0.7999999999999999
101,318,0.5567078590393066,1,0.08,0.7999999999999999
101,319,0.5531536340713501,1,0.08,0.7999999999999999
101,320,0.5539612174034119,1,0.08,0.7999999999999999
101,321,0.5529460310935974,1,0.08,0.7999999999999999
101,322,0.554984986782074,1,0.08,0.7999999999999999
101,323,0.5546365976333618,1,0.08,0.7999999999999999
101,324,0.5550703406333923,1,0.08,0.7999999999999999
101,325,0.555544376373291,1,0.08,0.7999999999999999
101,326,0.5554929375648499,1,0.08,0.7999999999999999
101,327,0.5546916723251343,1,0.08,0.7999999999999999
101,328,0.5532878041267395,1,0.08,0.7999999999999999
101,329,0.5536926984786987,1,0.08,0.7999999999999999
101,330,0.5542904138565063,1,0.08,0.7999999999999999
101,331,0.5541097521781921,1,0.08,0.7999999999999999
101,332,0.5542584657669067,1,0.08,0.7999999999999999
101,333,0.5539143681526184,1,0.08,0.7999999999999999
101,334,0.5548982620239258,1,0.08,0.7999999999999999
101,335,0.5553588271141052,1,0.08,0.7999999999999999
101,336,0.5528719425201416,1,0.08,0.7999999999999999
101,337,0.5523784756660461,1,0.08,0.7999999999999999
101,338,0.5533303022384644,1,0.08,0.7999999999999999
101,339,0.5534346103668213,1,0.08,0.7999999999999999
101,340,0.5531792640686035,1,0.08,0.7999999999999999
101,341,0.552842378616333,1,0.08,0.7999999999999999
101,342,0.5536711812019348,1,0.08,0.7999999999999999
101,343,0.554229736328125,1,0.08,0.7999999999999999
101,344,0.5554550886154175,1,0.08,0.7999999999999999
101,345,0.5580155849456787,1,0.08,0.7999999999999999
101,346,0.5557898283004761,1,0.08,0.7999999999999999
101,347,0.5542341470718384,1,0.08,0.7999999999999999
101,348,0.553813099861145,1,0.08,0.7999999999999999
101,349,0.5529978275299072,1,0.08,0.7999999999999999
101,350,0.5528370141983032,1,0.08,0.7999999999999999
101,351,0.5523706078529358,1,0.08,0.7999999999999999
101,352,0.5526009202003479,1,0.08,0.7999999999999999
101,353,0.553238034248352,1,0.08,0.7999999999999999
101,354,0.5554987192153931,1,0.08,0.7999999999999999
101,355,0.5536265969276428,1,0.08,0.7999999999999999
101,356,0.5526633262634277,1,0.08,0.7999999999999999
101,357,0.5541841387748718,1,0.08,0.7999999999999999
101,358,0.5553873777389526,1,0.08,0.7999999999999999
101,359,0.5539648532867432,1,0.08,0.7999999999999999
101,360,0.5522558093070984,1,0.08,0.7999999999999999
101,361,0.5551425218582153,1,0.08,0.7999999999999999
101,362,0.5546784996986389,1,0.08,0.7999999999999999
101,363,0.5533698797225952,1,0.08,0.7999999999999999
101,364,0.5550824403762817,1,0.08,0.7999999999999999
101,365,0.5544954538345337,1,0.08,0.7999999999999999
101,366,0.552885890007019,1,0.08,0.7999999999999999
101,367,0.5543927550315857,1,0.08,0.7999999999999999
101,368,0.5569658279418945,1,0.08,0.7999999999999999
101,369,0.5542611479759216,1,0.08,0.7999999999999999
101,370,0.5535205006599426,1,0.08,0.7999999999999999
101,371,0.5549097061157227,1,0.08,0.7999999999999999
101,372,0.5547139644622803,1,0.08,0.7999999999999999
101,373,0.5529507994651794,1,0.08,0.7999999999999999
101,374,0.5534880757331848,1,0.08,0.7999999999999999
101,375,0.5536321401596069,1,0.08,0.7999999999999999
101,376,0.5546781420707703,1,0.08,0.7999999999999999
101,377,0.5531662702560425,1,0.08,0.7999999999999999
101,378,0.5536951422691345,1,0.08,0.7999999999999999
101,379,0.553261935710907,1,0.08,0.7999999999999999
101,380,0.5536728501319885,1,0.08,0.7999999999999999
101,381,0.5554102063179016,1,0.08,0.7999999999999999
101,382,0.5544942617416382,1,0.08,0.7999999999999999
101,383,0.5551515221595764,1,0.08,0.7999999999999999
101,384,0.553788423538208,1,0.08,0.7999999999999999
101,385,0.5537461638450623,1,0.08,0.7999999999999999
101,386,0.5535746812820435,1,0.08,0.7999999999999999
101,387,0.5544062852859497,1,0.08,0.7999999999999999
101,388,0.5538991093635559,1,0.08,0.7999999999999999
101,389,0.5553484559059143,1,0.08,0.7999999999999999
101,390,0.5531843304634094,1,0.08,0.7999999999999999
101,391,0.5534809231758118,1,0.08,0.7999999999999999
101,392,0.554179847240448,1,0.08,0.7999999999999999
101,393,0.5552471876144409,1,0.08,0.7999999999999999
101,394,0.5536240339279175,1,0.08,0.7999999999999999
101,395,0.5564307570457458,1,0.08,0.7999999999999999
101,396,0.556162416934967,1,0.08,0.7999999999999999
101,397,0.5555782914161682,1,0.08,0.7999999999999999
101,398,0.5569366812705994,1,0.08,0.7999999999999999
101,399,0.5551531314849854,1,0.08,0.7999999999999999
101,400,0.5557376146316528,1,0.08,0.7999999999999999
101,401,0.5531469583511353,1,0.08,0.7999999999999999
101,402,0.5521385669708252,1,0.08,0.7999999999999999
101,403,0.5533618927001953,1,0.08,0.7999999999999999
101,404,0.5538987517356873,1,0.08,0.7999999999999999
101,405,0.553136944770813,1,0.08,0.7999999999999999
101,406,0.5538043975830078,1,0.08,0.7999999999999999
101,407,0.5563227534294128,1,0.08,0.7999999999999999
101,408,0.5566698908805847,1,0.08,0.7999999999999999
101,409,0.553339958190918,1,0.08,0.7999999999999999
101,410,0.5534989833831787,1,0.08,0.7999999999999999
101,411,0.5534785985946655,1,0.08,0.7999999999999999
101,412,0.5544195771217346,1,0.08,0.7999999999999999
101,413,0.5542328357696533,1,0.08,0.7999999999999999
101,414,0.5536644458770752,1,0.08,0.7999999999999999
101,415,0.5544995665550232,1,0.08,0.7999999999999999
101,416,0.5536180138587952,1,0.08,0.7999999999999999
101,417,0.5540713667869568,1,0.08,0.7999999999999999
101,418,0.553215503692627,1,0.08,0.7999999999999999
101,419,0.5540801882743835,1,0.08,0.7999999999999999
101,420,0.5537033677101135,1,0.08,0.7999999999999999
101,421,0.5541605353355408,1,0.08,0.7999999999999999
101,422,0.5548409223556519,1,0.08,0.7999999999999999
101,423,0.5554572939872742,1,0.08,0.7999999999999999
101,424,0.5558247566223145,1,0.08,0.7999999999999999
101,425,0.5539489388465881,1,0.08,0.7999999999999999
101,426,0.5530335307121277,1,0.08,0.7999999999999999
101,427,0.5549631714820862,1,0.08,0.7999999999999999
101,428,0.5554882287979126,1,0.08,0.7999999999999999
101,429,0.5548231601715088,1,0.08,0.7999999999999999
101,430,0.5564400553703308,1,0.08,0.7999999999999999
101,431,0.5564221143722534,1,0.08,0.7999999999999999
101,432,0.5537341833114624,1,0.08,0.7999999999999999
101,433,0.553776741027832,1,0.08,0.7999999999999999
101,434,0.5537611842155457,1,0.08,0.7999999999999999
101,435,0.5523688197135925,1,0.08,0.7999999999999999
101,436,0.5541552901268005,1,0.08,0.7999999999999999
101,437,0.553110659122467,1,0.08,0.7999999999999999
101,438,0.5546606183052063,1,0.08,0.7999999999999999
101,439,0.5550438761711121,1,0.08,0.7999999999999999
101,440,0.5526239275932312,1,0.08,0.7999999999999999
101,441,0.5534519553184509,1,0.08,0.7999999999999999
101,442,0.5541057586669922,1,0.08,0.7999999999999999
101,443,0.5544682145118713,1,0.08,0.7999999999999999
101,444,0.5545058846473694,1,0.08,0.7999999999999999
101,445,0.5548239350318909,1,0.08,0.7999999999999999
101,446,0.5539253354072571,1,0.08,0.7999999999999999
101,447,0.5536352396011353,1,0.08,0.7999999999999999
101,448,0.5533747673034668,1,0.08,0.7999999999999999
101,449,0.5524873733520508,1,0.08,0.7999999999999999
101,450,0.5533208250999451,1,0.08,0.7999999999999999
101,451,0.5538290143013,1,0.08,0.7999999999999999
101,452,0.5541601181030273,1,0.08,0.7999999999999999
101,453,0.5543177723884583,1,0.08,0.7999999999999999
101,454,0.5543503761291504,1,0.08,0.7999999999999999
101,455,0.5531824827194214,1,0.08,0.7999999999999999
101,456,0.5541481971740723,1,0.08,0.7999999999999999
101,457,0.5540902018547058,1,0.08,0.7999999999999999
101,458,0.553811252117157,1,0.08,0.7999999999999999
101,459,0.5544630289077759,1,0.08,0.7999999999999999
101,460,0.555955708026886,1,0.08,0.7999999999999999
101,461,0.5560857653617859,1,0.08,0.7999999999999999
101,462,0.5561639666557312,1,0.08,0.7999999999999999
101,463,0.5535572171211243,1,0.08,0.7999999999999999
101,464,0.554977536201477,1,0.08,0.7999999999999999
101,465,0.5570430159568787,1,0.08,0.7999999999999999
101,466,0.5557158589363098,1,0.08,0.7999999999999999
101,467,0.554363489151001,1,0.08,0.7999999999999999
101,468,0.5552937388420105,1,0.08,0.7999999999999999
101,469,0.5558774471282959,1,0.08,0.7999999999999999
101,470,0.5523922443389893,1,0.08,0.7999999999999999
101,471,0.5568114519119263,1,0.08,0.7999999999999999
101,472,0.560253381729126,1,0.08,0.7999999999999999
101,473,0.56089848279953,1,0.08,0.7999999999999999
101,474,0.5544177889823914,1,0.08,0.7999999999999999
101,475,0.5539921522140503,1,0.08,0.7999999999999999
101,476,0.5508144497871399,1,0.08,0.7999999999999999
101,477,0.5527807474136353,1,0.08,0.7999999999999999
101,478,0.553347110748291,1,0.08,0.7999999999999999
101,479,0.5525875091552734,1,0.08,0.7999999999999999
101,480,0.554523229598999,1,0.08,0.7999999999999999
202,0,0.5640608668327332,1,0.08,0.7999999999999999
202,1,0.56228107213974,1,0.08,0.7999999999999999
202,2,0.5603364109992981,1,0.08,0.7999999999999999
202,3,0.5620644092559814,1,0.08,0.7999999999999999
202,4,0.5644882917404175,1,0.08,0.7999999999999999
202,5,0.561726450920105,1,0.08,0.7999999999999999
202,6,0.5650463700294495,1,0.08,0.7999999999999999
202,7,0.5635926127433777,1,0.08,0.7999999999999999
202,8,0.5594239234924316,1,0.08,0.7999999999999999
202,9,0.5574175119400024,1,0.08,0.7999999999999999
202,10,0.5631564259529114,1,0.08,0.7999999999999999
202,11,0.5621936917304993,1,0.08,0.7999999999999999
202,12,0.5572192072868347,1,0.08,0.7999999999999999
202,13,0.5538431406021118,1,0.08,0.7999999999999999
202,14,0.5575203895568848,1,0.08,0.7999999999999999
202,15,0.5600447654724121,1,0.08,0.7999999999999999
202,16,0.562461793422699,1,0.08,0.7999999999999999
202,17,0.5616260170936584,1,0.08,0.7999999999999999
202,18,0.5623664855957031,1,0.08,0.7999999999999999
202,19,0.5619955062866211,1,0.08,0.7999999999999999
202,20,0.5568735003471375,1,0.08,0.7999999999999999
202,21,0.5630649924278259,1,0.08,0.7999999999999999
202,22,0.5563774108886719,1,0.08,0.7999999999999999
202,23,0.5586682558059692,1,0.08,0.7999999999999999
202,24,0.5600063800811768,1,0.08,0.7999999999999999
202,25,0.5593279600143433,1,0.08,0.7999999999999999
202,26,0.5557544231414795,1,0.08,0.7999999999999999
202,27,0.5584462881088257,1,0.08,0.7999999999999999
202,28,0.5577040314674377,1,0.08,0.7999999999999999
202,29,0.559658944606781,1,0.08,0.7999999999999999
202,30,0.561440646648407,1,0.08,0.7999999999999999
202,31,0.5583910942077637,1,0.08,0.7999999999999999
202,32,0.5606787800788879,1,0.08,0.7999999999999999
202,33,0.5598997473716736,1,0.08,0.7999999999999999
202,34,0.5630294680595398,1,0.08,0.7999999999999999
202,35,0.5617724061012268,1,0.08,0.7999999999999999
202,36,0.5552490949630737,1,0.08,0.7999999999999999
202,37,0.5570261478424072,1,0.08,0.7999999999999999
202,38,0.559751570224762,1,0.08,0.7999999999999999
202,39,0.5642262697219849,1,0.08,0.7999999999999999
202,40,0.5554895401000977,1,0.08,0.7999999999999999
202,41,0.5566232800483704,1,0.08,0.7999999999999999
202,42,0.5623318552970886,1,0.08,0.7999999999999999
202,43,0.5595846176147461,1,0.08,0.7999999999999999
202,44,0.5643719434738159,1,0.08,0.7999999999999999
202,45,0.5630956888198853,1,0.08,0.7999999999999999
202,46,0.5612994432449341,1,0.08,0.7999999999999999
202,47,0.5616862773895264,1,0.08,0.7999999999999999
202,48,0.5599068999290466,1,0.08,0.7999999999999999
202,49,0.5621522665023804,1,0.08,0.7999999999999999
202,50,0.561777651309967,1,0.08,0.7999999999999999
202,51,0.5636372566223145,1,0.08,0.7999999999999999
202,52,0.5591051578521729,1,0.08,0.7999999999999999
202,53,0.5549273490905762,1,0.08,0.7999999999999999
202,54,0.5608603954315186,1,0.08,0.7999999999999999
202,55,0.5620929002761841,1,0.08,0.7999999999999999
202,56,0.5643112063407898,1,0.08,0.7999999999999999
202,57,0.5657256841659546,1,0.08,0.7999999999999999
202,58,0.5653029680252075,1,0.08,0.7999999999999999
202,59,0.5618020296096802,1,0.08,0.7999999999999999
202,60,0.5607765913009644,1,0.08,0.7999999999999999
202,61,0.5583535432815552,1,0.08,0.7999999999999999
202,62,0.5580129027366638,1,0.08,0.7999999999999999
202,63,0.559808611869812,1,0.08,0.7999999999999999
202,64,0.5643526911735535,1,0.08,0.7999999999999999
202,65,0.5633997917175293,1,0.08,0.7999999999999999
202,66,0.5610131025314331,1,0.08,0.7999999999999999
202,67,0.5592994689941406,1,0.08,0.7999999999999999
202,68,0.5567324757575989,1,0.08,0.7999999999999999
202,69,0.5606974363327026,1,0.08,0.7999999999999999
202,70,0.5578137040138245,1,0.08,0.7999999999999999
202,71,0.5577701926231384,1,0.08,0.7999999999999999
202,72,0.5608401894569397,1,0.08,0.7999999999999999
202,73,0.5575514435768127,1,0.08,0.7999999999999999
202,74,0.5588693618774414,1,0.08,0.7999999999999999
202,75,0.5617589950561523,1,0.08,0.7999999999999999
202,76,0.5610506534576416,1,0.08,0.7999999999999999
202,77,0.5628638863563538,1,0.08,0.7999999999999999
202,78,0.5593030452728271,1,0.08,0.7999999999999999
202,79,0.5601228475570679,1,0.08,0.7999999999999999
202,80,0.5588401556015015,1,0.08,0.7999999999999999
202,81,0.5573192238807678,1,0.08,0.7999999999999999
202,82,0.559482991695404,1,0.08,0.7999999999999999
202,83,0.5588766932487488,1,0.08,0.7999999999999999
202,84,0.5593076348304749,1,0.08,0.7999999999999999
202,85,0.5639650821685791,1,0.08,0.7999999999999999
202,86,0.5617552399635315,1,0.08,0.7999999999999999
202,87,0.5568904280662537,1,0.08,0.7999999999999999
202,88,0.557170033454895,1,0.08,0.7999999999999999
202,89,0.5605774521827698,1,0.08,0.7999999999999999
202,90,0.5605340003967285,1,0.08,0.7999999999999999
202,91,0.558220386505127,1,0.08,0.7999999999999999
202,92,0.5596300363540649,1,0.08,0.7999999999999999
202,93,0.5629385709762573,1,0.08,0.7999999999999999
202,94,0.5590768456459045,1,0.08,0.7999999999999999
202,95,0.5601492524147034,1,0.08,0.7999999999999999
202,96,0.5587994456291199,1,0.08,0.7999999999999999
202,97,0.5625682473182678,1,0.08,0.7999999999999999
202,98,0.5614936947822571,1,0.08,0.7999999999999999
202,99,0.5576485395431519,1,0.08,0.7999999999999999
202,100,0.5602251291275024,1,0.08,0.7999999999999999
202,101,0.5607589483261108,1,0.08,0.7999999999999999
202,102,0.5587395429611206,1,0.08,0.7999999999999999
202,103,0.5582495927810669,1,0.08,0.7999999999999999
202,104,0.5596028566360474,1,0.08,0.7999999999999999
202,105,0.5592353343963623,1,0.08,0.7999999999999999
202,106,0.5607459545135498,1,0.08,0.7999999999999999
202,107,0.5621119737625122,1,0.08,0.7999999999999999
202,108,0.562858521938324,1,0.08,0.7999999999999999
202,109,0.5626257658004761,1,0.08,0.7999999999999999
202,110,0.5599625110626221,1,0.08,0.7999999999999999
202,111,0.5615684390068054,1,0.08,0.7999999999999999
202,112,0.5606598854064941,1,0.08,0.7999999999999999
202,113,0.5607569217681885,1,0.08,0.7999999999999999
202,114,0.5595028400421143,1,0.08,0.7999999999999999
202,115,0.5581099987030029,1,0.08,0.7999999999999999
202,116,0.5577690601348877,1,0.08,0.7999999999999999
202,117,0.5592062473297119,1,0.08,0.7999999999999999
202,118,0.563852071762085,1,0.08,0.7999999999999999
202,119,0.5613664388656616,1,0.08,0.7999999999999999
202,120,0.5647822618484497,1,0.08,0.7999999999999999
202,121,0.5662657022476196,1,0.08,0.7999999999999999
202,122,0.5639079809188843,1,0.08,0.7999999999999999
202,123,0.5604260563850403,1,0.08,0.7999999999999999
202,124,0.5642930865287781,1,0.08,0.7999999999999999
202,125,0.5594822764396667,1,0.08,0.7999999999999999
202,126,0.5642454624176025,1,0.08,0.7999999999999999
202,127,0.5596281886100769,1,0.08,0.7999999999999999
202,128,0.5574257969856262,1,0.08,0.7999999999999999
202,129,0.5627633333206177,1,0.08,0.7999999999999999
202,130,0.5611330270767212,1,0.08,0.7999999999999999
202,131,0.5596844553947449,1,0.08,0.7999999999999999
202,132,0.5572590231895447,1,0.08,0.7999999999999999
202,133,0.5586555600166321,1,0.08,0.7999999999999999
202,134,0.5574752688407898,1,0.08,0.7999999999999999
202,135,0.5577017068862915,1,0.08,0.7999999999999999
202,136,0.557604968547821,1,0.08,0.7999999999999999
202,137,0.5580224990844727,1,0.08,0.7999999999999999
202,138,0.5605820417404175,1,0.08,0.7999999999999999
202,139,0.5618561506271362,1,0.08,0.7999999999999999
202,140,0.5602648258209229,1,0.08,0.7999999999999999
202,141,0.5593180656433105,1,0.08,0.7999999999999999
202,142,0.5590830445289612,1,0.08,0.7999999999999999
202,143,0.5600832104682922,1,0.08,0.7999999999999999
202,144,0.5584840774536133,1,0.08,0.7999999999999999
202,145,0.5597805380821228,1,0.08,0.7999999999999999
202,146,0.5585852861404419,1,0.08,0.7999999999999999
202,147,0.5598941445350647,1,0.08,0.7999999999999999
202,148,0.560779333114624,1,0.08,0.7999999999999999
202,149,0.5626260638237,1,0.08,0.7999999999999999
202,150,0.5608354210853577,1,0.08,0.7999999999999999
202,151,0.5608739256858826,1,0.08,0.7999999999999999
202,152,0.564839780330658,1,0.08,0.7999999999999999
202,153,0.5629934668540955,1,0.08,0.7999999999999999
202,154,0.5577001571655273,1,0.08,0.7999999999999999
202,155,0.5581490397453308,1,0.08,0.7999999999999999
202,156,0.5588221549987793,1,0.08,0.7999999999999999
202,157,0.5648357272148132,1,0.08,0.7999999999999999
202,158,0.5647156238555908,1,0.08,0.7999999999999999
202,159,0.5614635348320007,1,0.08,0.7999999999999999
202,160,0.556505024433136,1,0.08,0.7999999999999999
202,161,0.5576466917991638,1,0.08,0.7999999999999999
202,162,0.5592387914657593,1,0.08,0.7999999999999999
202,163,0.5595714449882507,1,0.08,0.7999999999999999
202,164,0.5617356896400452,1,0.08,0.7999999999999999
202,165,0.5616940855979919,1,0.08,0.7999999999999999
202,166,0.5586693286895752,1,0.08,0.7999999999999999
202,167,0.5612182021141052,1,0.08,0.7999999999999999
202,168,0.5574718117713928,1,0.08,0.7999999999999999
202,169,0.5583992004394531,1,0.08,0.7999999999999999
202,170,0.5595356225967407,1,0.08,0.7999999999999999
202,171,0.558865487575531,1,0.08,0.7999999999999999
202,172,0.5611157417297363,1,0.08,0.7999999999999999
202,173,0.5612237453460693,1,0.08,0.7999999999999999
202,174,0.5602791905403137,1,0.08,0.7999999999999999
202,175,0.5580205321311951,1,0.08,0.7999999999999999
202,176,0.5619579553604126,1,0.08,0.7999999999999999
202,177,0.563309371471405,1,0.08,0.7999999999999999
202,178,0.5595420598983765,1,0.08,0.7999999999999999
202,179,0.5559963583946228,1,0.08,0.7999999999999999
202,180,0.5594021677970886,1,0.08,0.7999999999999999
202,181,0.5592948794364929,1,0.08,0.7999999999999999
202,182,0.5585721135139465,1,0.08,0.7999999999999999
202,183,0.5605077743530273,1,0.08,0.7999999999999999
202,184,0.5606431365013123,1,0.08,0.7999999999999999
202,185,0.5613226890563965,1,0.08,0.7999999999999999
202,186,0.558099627494812,1,0.08,0.7999999999999999
202,187,0.5598345398902893,1,0.08,0.7999999999999999
202,188,0.558606743812561,1,0.08,0.7999999999999999
202,189,0.5597522854804993,1,0.08,0.7999999999999999
202,190,0.562129557132721,1,0.08,0.7999999999999999
202,191,0.5616520643234253,1,0.08,0.7999999999999999
202,192,0.5617895722389221,1,0.08,0.7999999999999999
202,193,0.5632449984550476,1,0.08,0.7999999999999999
202,194,0.5609222054481506,1,0.08,0.7999999999999999
202,195,0.5593544840812683,1,0.08,0.7999999999999999
202,196,0.5596354603767395,1,0.08,0.7999999999999999
202,197,0.558355987071991,1,0.08,0.7999999999999999
202,198,0.5583378672599792,1,0.08,0.7999999999999999
202,199,0.5584657788276672,1,0.08,0.7999999999999999
202,200,0.5585269331932068,1,0.08,0.7999999999999999
202,201,0.5603657960891724,1,0.08,0.7999999999999999
202,202,0.5585619211196899,1,0.08,0.7999999999999999
202,203,0.5591491460800171,1,0.08,0.7999999999999999
202,204,0.5579661130905151,1,0.08,0.7999999999999999
202,205,0.5581478476524353,1,0.08,0.7999999999999999
202,206,0.5583750605583191,1,0.08,0.7999999999999999
202,207,0.560944139957428,1,0.08,0.7999999999999999
202,208,0.5609059929847717,1,0.08,0.7999999999999999
202,209,0.5602242350578308,1,0.08,0.7999999999999999
202,210,0.5608090758323669,1,0.08,0.7999999999999999
202,211,0.5610643029212952,1,0.08,0.7999999999999999
202,212,0.5598709583282471,1,0.08,0.7999999999999999
202,213,0.5577602982521057,1,0.08,0.7999999999999999
202,214,0.5585025548934937,1,0.08,0.7999999999999999
202,215,0.5594620704650879,1,0.08,0.7999999999999999
202,216,0.5599283576011658,1,0.08,0.7999999999999999
202,217,0.5579541325569153,1,0.08,0.7999999999999999
202,218,0.5586086511611938,1,0.08,0.7999999999999999
202,219,0.5594853758811951,1,0.08,0.7999999999999999
202,220,0.5621684789657593,1,0.08,0.7999999999999999
202,221,0.5587785840034485,1,0.08,0.7999999999999999
202,222,0.5606198906898499,1,0.08,0.7999999999999999
202,223,0.5587154030799866,1,0.08,0.7999999999999999
202,224,0.5611057877540588,1,0.08,0.7999999999999999
202,225,0.5608488321304321,1,0.08,0.7999999999999999
202,226,0.5600254535675049,1,0.08,0.7999999999999999
202,227,0.5604938864707947,1,0.08,0.7999999999999999
202,228,0.560049295425415,1,0.08,0.7999999999999999
202,229,0.562040388584137,1,0.08,0.7999999999999999
202,230,0.5622842907905579,1,0.08,0.7999999999999999
202,231,0.5611385107040405,1,0.08,0.7999999999999999
202,232,0.560227632522583,1,0.08,0.7999999999999999
202,233,0.559080958366394,1,0.08,0.7999999999999999
202,234,0.5603618621826172,1,0.08,0.7999999999999999
202,235,0.5600720047950745,1,0.08,0.7999999999999999
202,236,0.5616738796234131,1,0.08,0.7999999999999999
202,237,0.5597968101501465,1,0.08,0.7999999999999999
202,238,0.5591007471084595,1,0.08,0.7999999999999999
202,239,0.558097779750824,1,0.08,0.7999999999999999
202,240,0.559283971786499,1,0.08,0.7999999999999999
202,241,0.5603277087211609,1,0.08,0.7999999999999999
202,242,0.5578650832176208,1,0.08,0.7999999999999999
202,243,0.559059202671051,1,0.08,0.7999999999999999
202,244,0.5599763989448547,1,0.08,0.7999999999999999
202,245,0.5609122514724731,1,0.08,0.7999999999999999
202,246,0.5602961182594299,1,0.08,0.7999999999999999
202,247,0.5587895512580872,1,0.08,0.7999999999999999
202,248,0.5600281357765198,1,0.08,0.7999999999999999
202,249,0.5604811906814575,1,0.08,0.7999999999999999
202,250,0.5576547384262085,1,0.08,0.7999999999999999
202,251,0.5602026581764221,1,0.08,0.7999999999999999
202,252,0.5606037974357605,1,0.08,0.7999999999999999
202,253,0.560397207736969,1,0.08,0.7999999999999999
202,254,0.5618876814842224,1,0.08,0.7999999999999999
202,255,0.562282919883728,1,0.08,0.7999999999999999
202,256,0.5608276724815369,1,0.08,0.7999999999999999
202,257,0.558817446231842,1,0.08,0.7999999999999999
202,258,0.5611889958381653,1,0.08,0.7999999999999999
202,259,0.5588607788085938,1,0.08,0.7999999999999999
202,260,0.5593639612197876,1,0.08,0.7999999999999999
202,261,0.5602394342422485,1,0.08,0.7999999999999999
202,262,0.560619592666626,1,0.08,0.7999999999999999
202,263,0.5610900521278381,1,0.08,0.7999999999999999
202,264,0.5619019865989685,1,0.08,0.7999999999999999
202,265,0.5611662864685059,1,0.08,0.7999999999999999
202,266,0.5582504868507385,1,0.08,0.7999999999999999
202,267,0.5588870644569397,1,0.08,0.7999999999999999
202,268,0.5588312745094299,1,0.08,0.7999999999999999
202,269,0.5604630708694458,1,0.08,0.7999999999999999
202,270,0.5606185793876648,1,0.08,0.7999999999999999
202,271,0.5604648590087891,1,0.08,0.7999999999999999
202,272,0.5578829646110535,1,0.08,0.7999999999999999
202,273,0.5584620833396912,1,0.08,0.7999999999999999
202,274,0.5607528686523438,1,0.08,0.7999999999999999
202,275,0.5598121881484985,1,0.08,0.7999999999999999
202,276,0.5618901252746582,1,0.08,0.7999999999999999
202,277,0.5624347925186157,1,0.08,0.7999999999999999
202,278,0.5610767006874084,1,0.08,0.7999999999999999
202,279,0.5615750551223755,1,0.08,0.7999999999999999
202,280,0.5625247359275818,1,0.08,0.7999999999999999
202,281,0.5610738396644592,1,0.08,0.7999999999999999
202,282,0.5598321557044983,1,0.08,0.7999999999999999
202,283,0.5593764185905457,1,0.08,0.7999999999999999
202,284,0.5597036480903625,1,0.08,0.7999999999999999
202,285,0.5578369498252869,1,0.08,0.7999999999999999
202,286,0.5587360262870789,1,0.08,0.7999999999999999
202,287,0.5599613785743713,1,0.08,0.7999999999999999
202,288,0.5628412961959839,1,0.08,0.7999999999999999
202,289,0.5637440085411072,1,0.08,0.7999999999999999
202,290,0.5624492168426514,1,0.08,0.7999999999999999
202,291,0.558686375617981,1,0.08,0.7999999999999999
202,292,0.5597426891326904,1,0.08,0.7999999999999999
202,293,0.5570648312568665,1,0.08,0.7999999999999999
202,294,0.5590157508850098,1,0.08,0.7999999999999999
202,295,0.5629777908325195,1,0.08,0.7999999999999999
202,296,0.5602512359619141,1,0.08,0.7999999999999999
202,297,0.5588346719741821,1,0.08,0.7999999999999999
202,298,0.5608701109886169,1,0.08,0.7999999999999999
202,299,0.5607142448425293,1,0.08,0.7999999999999999
202,300,0.5602650046348572,1,0.08,0.7999999999999999
202,301,0.5619094371795654,1,0.08,0.7999999999999999
202,302,0.5600777268409729,1,0.08,0.7999999999999999
202,303,0.5604413747787476,1,0.08,0.7999999999999999
202,304,0.560452401638031,1,0.08,0.7999999999999999
202,305,0.5603771209716797,1,0.08,0.7999999999999999
202,306,0.5611675977706909,1,0.08,0.7999999999999999
202,307,0.5629639029502869,1,0.08,0.7999999999999999
202,308,0.5644274950027466,1,0.08,0.7999999999999999
202,309,0.5608987808227539,1,0.08,0.7999999999999999
202,310,0.559424638748169,1,0.08,0.7999999999999999
202,311,0.559061586856842,1,0.08,0.7999999999999999
202,312,0.5611798167228699,1,0.08,0.7999999999999999
202,313,0.5589354038238525,1,0.08,0.7999999999999999
202,314,0.5591491460800171,1,0.08,0.7999999999999999
202,315,0.5613390207290649,1,0.08,0.7999999999999999
202,316,0.5599547624588013,1,0.08,0.7999999999999999
202,317,0.5589956045150757,1,0.08,0.7999999999999999
202,318,0.5630394220352173,1,0.08,0.7999999999999999
202,319,0.5592288970947266,1,0.08,0.7999999999999999
202,320,0.5599497556686401,1,0.08,0.7999999999999999
202,321,0.5586733222007751,1,0.08,0.7999999999999999
202,322,0.5610312223434448,1,0.08,0.7999999999999999
202,323,0.5608351230621338,1,0.08,0.7999999999999999
202,324,0.5612231492996216,1,0.08,0.7999999999999999
202,325,0.5614042282104492,1,0.08,0.7999999999999999
202,326,0.5611925721168518,1,0.08,0.7999999999999999
202,327,0.5602747201919556,1,0.08,0.7999999999999999
202,328,0.5585741400718689,1,0.08,0.7999999999999999
202,329,0.5592560172080994,1,0.08,0.7999999999999999
202,330,0.5599641799926758,1,0.08,0.7999999999999999
202,331,0.5598543286323547,1,0.08,0.7999999999999999
202,332,0.5600257515907288,1,0.08,0.7999999999999999
202,333,0.5595802068710327,1,0.08,0.7999999999999999
202,334,0.5606439113616943,1,0.08,0.7999999999999999
202,335,0.5611264705657959,1,0.08,0.7999999999999999
202,336,0.5582916140556335,1,0.08,0.7999999999999999
202,337,0.5577256679534912,1,0.08,0.7999999999999999
202,338,0.558923602104187,1,0.08,0.7999999999999999
202,339,0.5590892434120178,1,0.08,0.7999999999999999
202,340,0.5589728355407715,1,0.08,0.7999999999999999
202,341,0.5584310293197632,1,0.08,0.7999999999999999
202,342,0.5593571066856384,1,0.08,0.7999999999999999
202,343,0.5600677132606506,1,0.08,0.7999999999999999
202,344,0.5615103244781494,1,0.08,0.7999999999999999
202,345,0.5644207000732422,1,0.08,0.7999999999999999
202,346,0.5621846318244934,1,0.08,0.7999999999999999
202,347,0.5606400370597839,1,0.08,0.7999999999999999
202,348,0.5599014163017273,1,0.08,0.7999999999999999
202,349,0.558671236038208,1,0.08,0.7999999999999999
202,350,0.5585207343101501,1,0.08,0.7999999999999999
202,351,0.5578693747520447,1,0.08,0.7999999999999999
202,352,0.5581648349761963,1,0.08,0.7999999999999999
202,353,0.5589200854301453,1,0.08,0.7999999999999999
202,354,0.5612789392471313,1,0.08,0.7999999999999999
202,355,0.559303343296051,1,0.08,0.7999999999999999
202,356,0.5581153631210327,1,0.08,0.7999999999999999
202,357,0.5597692728042603,1,0.08,0.7999999999999999
202,358,0.5611361265182495,1,0.08,0.7999999999999999
202,359,0.5595686435699463,1,0.08,0.7999999999999999
202,360,0.5577571392059326,1,0.08,0.7999999999999999
202,361,0.561058759689331,1,0.08,0.7999999999999999
202,362,0.5608357787132263,1,0.08,0.7999999999999999
202,363,0.5593350529670715,1,0.08,0.7999999999999999
202,364,0.5609418153762817,1,0.08,0.7999999999999999
202,365,0.5602914690971375,1,0.08,0.7999999999999999
202,366,0.5583995580673218,1,0.08,0.7999999999999999
202,367,0.559972882270813,1,0.08,0.7999999999999999
202,368,0.5629436373710632,1,0.08,0.7999999999999999
202,369,0.5601506233215332,1,0.08,0.7999999999999999
202,370,0.5594804286956787,1,0.08,0.7999999999999999
202,371,0.5608472228050232,1,0.08,0.7999999999999999
202,372,0.5606091022491455,1,0.08,0.7999999999999999
202,373,0.5587792992591858,1,0.08,0.7999999999999999
202,374,0.5591566562652588,1,0.08,0.7999999999999999
202,375,0.559169352054596,1,0.08,0.7999999999999999
202,376,0.560222327709198,1,0.08,0.7999999999999999
202,377,0.5584731698036194,1,0.08,0.7999999999999999
202,378,0.5590947866439819,1,0.08,0.7999999999999999
202,379,0.5587961673736572,1,0.08,0.7999999999999999
202,380,0.559317946434021,1,0.08,0.7999999999999999
202,381,0.5613681077957153,1,0.08,0.7999999999999999
202,382,0.5604442954063416,1,0.08,0.7999999999999999
202,383,0.5611262321472168,1,0.08,0.7999999999999999
202,384,0.5595170855522156,1,0.08,0.7999999999999999
202,385,0.5592687129974365,1,0.08,0.7999999999999999
202,386,0.5590124130249023,1,0.08,0.7999999999999999
202,387,0.5597262978553772,1,0.08,0.7999999999999999
202,388,0.559266984462738,1,0.08,0.7999999999999999
202,389,0.560971200466156,1,0.08,0.7999999999999999
202,390,0.5585517287254333,1,0.08,0.7999999999999999
202,391,0.5587688088417053,1,0.08,0.7999999999999999
202,392,0.559615969657898,1,0.08,0.7999999999999999
202,393,0.5610256195068359,1,0.08,0.7999999999999999
202,394,0.5590202808380127,1,0.08,0.7999999999999999
202,395,0.5621210336685181,1,0.08,0.7999999999999999
202,396,0.561735212802887,1,0.08,0.7999999999999999
202,397,0.5611286163330078,1,0.08,0.7999999999999999
202,398,0.5628269910812378,1,0.08,0.7999999999999999
202,399,0.5609805583953857,1,0.08,0.7999999999999999
202,400,0.5615060329437256,1,0.08,0.7999999999999999
202,401,0.5589428544044495,1,0.08,0.7999999999999999
202,402,0.5578122138977051,1,0.08,0.7999999999999999
202,403,0.5590968728065491,1,0.08,0.7999999999999999
202,404,0.559604287147522,1,0.08,0.7999999999999999
202,405,0.5587997436523438,1,0.08,0.7999999999999999
202,406,0.5596804618835449,1,0.08,0.7999999999999999
202,407,0.5626457333564758,1,0.08,0.7999999999999999
202,408,0.5629966855049133,1,0.08,0.7999999999999999
202,409,0.5595048666000366,1,0.08,0.7999999999999999
202,410,0.5597937107086182,1,0.08,0.7999999999999999
202,411,0.5597647428512573,1,0.08,0.7999999999999999
202,412,0.5607050061225891,1,0.08,0.7999999999999999
202,413,0.5604439377784729,1,0.08,0.7999999999999999
202,414,0.5594543814659119,1,0.08,0.7999999999999999
202,415,0.5603059530258179,1,0.08,0.7999999999999999
202,416,0.5594203472137451,1,0.08,0.7999999999999999
202,417,0.5599142909049988,1,0.08,0.7999999999999999
202,418,0.5590181350708008,1,0.08,0.7999999999999999
202,419,0.5600658059120178,1,0.08,0.7999999999999999
202,420,0.559495210647583,1,0.08,0.7999999999999999
202,421,0.5599903464317322,1,0.08,0.7999999999999999
202,422,0.5607722401618958,1,0.08,0.7999999999999999
202,423,0.5616809725761414,1,0.08,0.7999999999999999
202,424,0.5622599720954895,1,0.08,0.7999999999999999
202,425,0.56010901927948,1,0.08,0.7999999999999999
202,426,0.558822512626648,1,0.08,0.7999999999999999
202,427,0.5608165860176086,1,0.08,0.7999999999999999
202,428,0.5612945556640625,1,0.08,0.7999999999999999
202,429,0.5605947971343994,1,0.08,0.7999999999999999
202,430,0.5625745058059692,1,0.08,0.7999999999999999
202,431,0.5627988576889038,1,0.08,0.7999999999999999
202,432,0.5599261522293091,1,0.08,0.7999999999999999
202,433,0.5598035454750061,1,0.08,0.7999999999999999
202,434,0.5599510073661804,1,0.08,0.7999999999999999
202,435,0.5579067468643188,1,0.08,0.7999999999999999
202,436,0.5597538352012634,1,0.08,0.7999999999999999
202,437,0.5588200688362122,1,0.08,0.7999999999999999
202,438,0.5606552362442017,1,0.08,0.7999999999999999
202,439,0.5610164403915405,1,0.08,0.7999999999999999
202,440,0.558526873588562,1,0.08,0.7999999999999999
202,441,0.5592780709266663,1,0.08,0.7999999999999999
202,442,0.5598660111427307,1,0.08,0.7999999999999999
202,443,0.5603724718093872,1,0.08,0.7999999999999999
202,444,0.5602588653564453,1,0.08,0.7999999999999999
202,445,0.5608018636703491,1,0.08,0.7999999999999999
202,446,0.5598400235176086,1,0.08,0.7999999999999999
202,447,0.5592219829559326,1,0.08,0.7999999999999999
202,448,0.5588404536247253,1,0.08,0.7999999999999999
202,449,0.5576870441436768,1,0.08,0.7999999999999999
202,450,0.5586065649986267,1,0.08,0.7999999999999999
202,451,0.559374213218689,1,0.08,0.7999999999999999
202,452,0.5599563121795654,1,0.08,0.7999999999999999
202,453,0.5604702234268188,1,0.08,0.7999999999999999
202,454,0.5604686141014099,1,0.08,0.7999999999999999
202,455,0.5590832233428955,1,0.08,0.7999999999999999
202,456,0.5598908066749573,1,0.08,0.7999999999999999
202,457,0.5599964261054993,1,0.08,0.7999999999999999
202,458,0.5596669912338257,1,0.08,0.7999999999999999
202,459,0.5602251291275024,1,0.08,0.7999999999999999
202,460,0.561779797077179,1,0.08,0.7999999999999999
202,461,0.5619376301765442,1,0.08,0.7999999999999999
202,462,0.5621181130409241,1,0.08,0.7999999999999999
202,463,0.5592106580734253,1,0.08,0.7999999999999999
202,464,0.560721755027771,1,0.08,0.7999999999999999
202,465,0.562918484210968,1,0.08,0.7999999999999999
202,466,0.5616273283958435,1,0.08,0.7999999999999999
202,467,0.560075581073761,1,0.08,0.7999999999999999
202,468,0.5611255764961243,1,0.08,0.7999999999999999
202,469,0.5617445707321167,1,0.08,0.7999999999999999
202,470,0.5579556226730347,1,0.08,0.7999999999999999
202,471,0.5627163052558899,1,0.08,0.7999999999999999
202,472,0.5668105483055115,1,0.08,0.7999999999999999
202,473,0.5680052042007446,1,0.08,0.7999999999999999
202,474,0.5608111023902893,1,0.08,0.7999999999999999
202,475,0.5597906708717346,1,0.08,0.7999999999999999
202,476,0.5561026334762573,1,0.08,0.7999999999999999
202,477,0.5581744909286499,1,0.08,0.7999999999999999
202,478,0.5587970614433289,1,0.08,0.7999999999999999
202,479,0.5583400726318359,1,0.08,0.7999999999999999
202,480,0.5606531500816345,1,0.08,0.7999999999999999
